message_sent,processing_start_time,processing_end_time,message_arrived,network_delay,processing_delay,overall_delay
1558300633.33,1558300633.66,1558300633.89,1558300633.98,0.41922211647,0.226534843445,0.645756959915
1558300633.38,1558300634.05,1558300634.27,1558300634.32,0.730355978012,0.214629173279,0.944985151291
1558300633.39,1558300634.38,1558300634.61,1558300634.66,1.03909778595,0.225850105286,1.26494789124
1558300633.4,1558300634.71,1558300634.95,1558300635.0,1.35878276825,0.234518051147,1.5933008194
1558300633.42,1558300635.09,1558300635.33,1558300635.38,1.72820901871,0.237179994583,1.96538901329
1558300633.43,1558300635.44,1558300635.67,1558300635.72,2.069190979,0.225670099258,2.29486107826
1558300633.45,1558300635.75,1558300635.97,1558300636.02,2.35105991364,0.218055009842,2.56911492348
1558300633.46,1558300636.11,1558300636.33,1558300636.38,2.69892263412,0.219668149948,2.91859078407
1558300633.48,1558300636.43,1558300636.67,1558300636.72,3.00750684738,0.233628034592,3.24113488197
1558300633.36,1558300636.18,1558300636.67,1558300636.82,2.96612620354,0.493274927139,3.45940113068
1558300633.37,1558300636.36,1558300636.87,1558300637.0,3.11765098572,0.515960931778,3.6336119175
1558300633.5,1558300636.81,1558300637.03,1558300637.06,3.34210801125,0.216650009155,3.5587580204
1558300633.34,1558300636.42,1558300636.94,1558300637.09,3.23486208916,0.515058994293,3.74992108345
1558300633.39,1558300636.61,1558300637.09,1558300637.25,3.38366293907,0.478204965591,3.86186790466
1558300633.51,1558300637.01,1558300637.23,1558300637.28,3.54951286316,0.221991062164,3.77150392532
1558300633.52,1558300637.12,1558300637.34,1558300637.41,3.67103600502,0.220808029175,3.89184403419
1558300633.54,1558300637.3,1558300637.5,1558300637.53,3.79751110077,0.199704885483,3.99721598625
1558300633.4,1558300636.9,1558300637.41,1558300637.55,3.63393187523,0.515074968338,4.14900684357
1558300633.55,1558300637.46,1558300637.68,1558300637.73,3.95263814926,0.221207857132,4.17384600639
1558300633.41,1558300637.28,1558300637.8,1558300637.92,3.99049496651,0.516803979874,4.50729894638
1558300633.57,1558300637.65,1558300637.89,1558300637.93,4.12141895294,0.239087104797,4.36050605774
1558300633.57,1558300637.79,1558300638.0,1558300638.05,4.26838111877,0.20538187027,4.47376298904
1558300633.58,1558300637.97,1558300638.19,1558300638.25,4.45091295242,0.220283031464,4.67119598389
1558300633.42,1558300637.62,1558300638.11,1558300638.26,4.34285593033,0.495203018188,4.83805894852
1558300633.59,1558300638.17,1558300638.4,1558300638.45,4.63736200333,0.224776983261,4.86213898659
1558300633.59,1558300638.33,1558300638.54,1558300638.59,4.78835892677,0.207101106644,4.99546003342
1558300633.43,1558300637.98,1558300638.49,1558300638.67,4.71673607826,0.515188932419,5.23192501068
1558300633.6,1558300638.48,1558300638.72,1558300638.81,4.97084403038,0.239979028702,5.21082305908
1558300633.61,1558300638.64,1558300638.87,1558300638.94,5.10762166977,0.22699713707,5.33461880684
1558300633.46,1558300638.29,1558300638.8,1558300638.96,4.99208712578,0.513651847839,5.50573897362
1558300633.62,1558300638.81,1558300639.02,1558300639.09,5.26236581802,0.208398103714,5.47076392174
1558300633.47,1558300638.51,1558300639.01,1558300639.15,5.17964315414,0.495756864548,5.67540001869
1558300633.62,1558300639.02,1558300639.24,1558300639.29,5.43836712837,0.223881959915,5.66224908829
1558300633.63,1558300639.18,1558300639.39,1558300639.42,5.58675527573,0.20672082901,5.79347610474
1558300633.64,1558300639.34,1558300639.56,1558300639.61,5.75155997276,0.22220993042,5.97376990318
1558300633.48,1558300639.12,1558300639.62,1558300639.78,5.79632806778,0.497025966644,6.29335403442
1558300633.66,1558300639.53,1558300639.74,1558300639.79,5.91681694984,0.215917110443,6.13273406029
1558300633.66,1558300639.69,1558300639.92,1558300639.97,6.06821703911,0.23396396637,6.30218100548
1558300633.67,1558300639.85,1558300640.06,1558300640.09,6.20068192482,0.212014913559,6.41269683838
1558300633.69,1558300640.23,1558300640.44,1558300640.47,6.56761288643,0.213539123535,6.78115200996
1558300633.7,1558300640.45,1558300640.68,1558300640.72,6.78840613365,0.237957954407,7.02636408806
1558300633.71,1558300640.59,1558300640.8,1558300640.84,6.92047286034,0.21574306488,7.13621592522
1558300633.71,1558300640.71,1558300640.94,1558300640.99,7.04672408104,0.22801399231,7.27473807335
1558300633.72,1558300640.89,1558300641.1,1558300641.13,7.18925905228,0.217499017715,7.40675806999
1558300633.72,1558300641.04,1558300641.28,1558300641.33,7.36907982826,0.240761995316,7.60984182358
1558300633.73,1558300641.21,1558300641.42,1558300641.45,7.50604701042,0.21072101593,7.71676802635
1558300633.74,1558300641.38,1558300641.62,1558300641.67,7.68902611732,0.240032911301,7.92905902863
1558300633.74,1558300641.59,1558300641.79,1558300641.81,7.87440609932,0.19758605957,8.07199215889
1558300633.75,1558300641.73,1558300641.96,1558300642.0,8.0200548172,0.235198020935,8.25525283813
1558300633.76,1558300641.92,1558300642.13,1558300642.15,8.18620800972,0.209599971771,8.39580798149
1558300633.76,1558300642.06,1558300642.31,1558300642.35,8.34758496284,0.241852045059,8.5894370079
1558300633.77,1558300642.33,1558300642.54,1558300642.57,8.59066486359,0.209743976593,8.80040884018
1558300633.79,1558300642.41,1558300642.64,1558300642.69,8.66224002838,0.232656955719,8.8948969841
1558300633.8,1558300642.62,1558300642.82,1558300642.85,8.83778595924,0.207895040512,9.04568099976
1558300633.81,1558300642.76,1558300642.99,1558300643.03,8.99019789696,0.228052139282,9.21825003624
1558300633.82,1558300642.94,1558300643.14,1558300643.17,9.15323114395,0.20193195343,9.35516309738
1558300633.83,1558300643.1,1558300643.31,1558300643.35,9.31657099724,0.207868099213,9.52443909645
1558300633.84,1558300643.28,1558300643.49,1558300643.51,9.46386003494,0.208219051361,9.6720790863
1558300633.84,1558300643.44,1558300643.67,1558300643.71,9.64357805252,0.222317934036,9.86589598656
1558300633.85,1558300643.61,1558300643.83,1558300643.85,9.78210806847,0.216066837311,9.99817490578
1558300633.86,1558300643.78,1558300644.0,1558300644.06,9.97279500961,0.227444887161,10.2002398968
1558300633.87,1558300644.02,1558300644.25,1558300644.27,10.1740002632,0.22401881218,10.3980190754
1558300633.88,1558300644.13,1558300644.36,1558300644.41,10.2932920456,0.237910032272,10.5312020779
1558300633.88,1558300644.33,1558300644.55,1558300644.57,10.4729971886,0.212092876434,10.685090065
1558300633.89,1558300644.46,1558300644.7,1558300644.74,10.6109139919,0.243810892105,10.854724884
1558300633.9,1558300644.64,1558300644.85,1558300644.89,10.7840650082,0.2068400383,10.9909050465
1558300633.91,1558300644.81,1558300645.04,1558300645.09,10.9397568703,0.236797094345,11.1765539646
1558300633.92,1558300645.0,1558300645.2,1558300645.24,11.1172120571,0.206223011017,11.3234350681
1558300633.93,1558300645.17,1558300645.39,1558300645.43,11.291580677,0.214525222778,11.5061058998
1558300633.93,1558300645.39,1558300645.59,1558300645.63,11.5028438568,0.196907997131,11.6997518539
1558300633.94,1558300645.49,1558300645.72,1558300645.77,11.5871400833,0.234745025635,11.8218851089
1558300633.95,1558300645.65,1558300645.85,1558300645.89,11.7411067486,0.194227218628,11.9353339672
1558300633.96,1558300645.81,1558300646.04,1558300646.09,11.898277998,0.23628616333,12.1345641613
1558300633.96,1558300646.0,1558300646.21,1558300646.23,12.0623471737,0.204551935196,12.2668991089
1558300633.97,1558300646.15,1558300646.37,1558300646.43,12.2385730743,0.219976902008,12.4585499763
1558300633.98,1558300646.41,1558300646.61,1558300646.74,12.5584261417,0.20118689537,12.7596130371
1558300633.99,1558300646.56,1558300646.78,1558300646.82,12.6110911369,0.224026918411,12.8351180553
1558300633.99,1558300646.76,1558300646.98,1558300647.01,12.7860510349,0.227484941483,13.0135359764
1558300634.01,1558300646.86,1558300647.08,1558300647.13,12.8904981613,0.226714849472,13.1172130108
1558300634.02,1558300647.02,1558300647.24,1558300647.27,13.0271990299,0.222013950348,13.2492129803
1558300634.04,1558300647.28,1558300647.47,1558300647.5,13.2687759399,0.190609931946,13.4593858719
1558300634.05,1558300647.35,1558300647.57,1558300647.61,13.341427803,0.219155073166,13.5605828762
1558300634.06,1558300647.55,1558300647.75,1558300647.77,13.5203678608,0.198104143143,13.7184720039
1558300634.07,1558300647.69,1558300647.92,1558300647.96,13.6687960625,0.23011803627,13.8989140987
1558300634.07,1558300647.9,1558300648.1,1558300648.13,13.8554852009,0.204330921173,14.0598161221
1558300634.08,1558300648.06,1558300648.29,1558300648.33,14.0293850899,0.224119901657,14.2535049915
1558300634.09,1558300648.22,1558300648.41,1558300648.43,14.1544151306,0.19091296196,14.3453280926
1558300634.1,1558300648.4,1558300648.62,1558300648.67,14.3488559723,0.226155042648,14.5750110149
1558300634.1,1558300648.58,1558300648.8,1558300648.83,14.5044512749,0.219458818436,14.7239100933
1558300634.12,1558300648.72,1558300648.96,1558300649.01,14.6463270187,0.241240978241,14.887567997
1558300634.13,1558300648.94,1558300649.14,1558300649.17,14.8363099098,0.207375049591,15.0436849594
1558300634.14,1558300649.05,1558300649.28,1558300649.32,14.9506080151,0.23664689064,15.1872549057
1558300634.14,1558300649.29,1558300649.49,1558300649.53,15.1959559917,0.19250202179,15.3884580135
1558300634.15,1558300649.4,1558300649.64,1558300649.79,15.4071860313,0.23842716217,15.6456131935
1558300634.16,1558300649.6,1558300649.82,1558300650.06,15.677934885,0.225075960159,15.9030108452
1558300634.17,1558300649.77,1558300650.0,1558300650.07,15.6725919247,0.233731031418,15.9063229561
1558300634.17,1558300649.93,1558300650.13,1558300650.32,15.9531471729,0.198205947876,16.1513531208
1558300634.19,1558300650.09,1558300650.32,1558300650.56,16.1372160912,0.232576131821,16.369792223
1558300634.2,1558300650.42,1558300650.65,1558300650.73,16.3094289303,0.222906112671,16.532335043
1558300634.21,1558300650.63,1558300650.84,1558300650.91,16.4935560226,0.210711956024,16.7042679787
1558300634.22,1558300650.77,1558300651.0,1558300651.06,16.6143829823,0.231745004654,16.8461279869
1558300634.23,1558300650.95,1558300651.17,1558300651.25,16.804410696,0.213522195816,17.0179328918
1558300634.23,1558300651.12,1558300651.36,1558300651.42,16.9482791424,0.240738868713,17.1890180111
1558300634.24,1558300651.29,1558300651.51,1558300651.61,17.1532640457,0.210985898972,17.3642499447
1558300634.25,1558300651.45,1558300651.68,1558300651.78,17.2952747345,0.237764120102,17.5330388546
1558300634.26,1558300651.62,1558300651.81,1558300651.97,17.519562006,0.190546035767,17.7101080418
1558300634.26,1558300651.81,1558300652.04,1558300652.11,17.6155741215,0.232886075974,17.8484601974
1558300634.28,1558300652.01,1558300652.22,1558300652.29,17.794397831,0.217486143112,18.0118839741
1558300634.29,1558300652.15,1558300652.38,1558300652.47,17.943857193,0.235697984695,18.1795551777
1558300634.3,1558300652.35,1558300652.55,1558300652.65,18.1555056572,0.195515155792,18.351020813
1558300634.31,1558300652.49,1558300652.72,1558300652.84,18.2992627621,0.231500148773,18.5307629108
1558300634.32,1558300652.67,1558300652.89,1558300653.01,18.4830768108,0.214168071747,18.6972448826
1558300634.33,1558300652.85,1558300653.08,1558300653.15,18.5933258533,0.228209972382,18.8215358257
1558300634.34,1558300653.0,1558300653.21,1558300653.24,18.6957950592,0.207334041595,18.9031291008
1558300634.35,1558300653.16,1558300653.4,1558300653.45,18.8585557938,0.242945194244,19.101500988
1558300634.37,1558300653.34,1558300653.57,1558300653.59,18.9943158627,0.226586103439,19.2209019661
1558300634.38,1558300653.48,1558300653.72,1558300653.76,19.1486461163,0.233646869659,19.3822929859
1558300634.39,1558300653.69,1558300653.89,1558300653.93,19.3500130177,0.191817998886,19.5418310165
1558300634.4,1558300653.85,1558300654.07,1558300654.13,19.5127601624,0.21971487999,19.7324750423
1558300634.41,1558300654.04,1558300654.23,1558300654.26,19.6660850048,0.193212032318,19.8592970371
1558300634.41,1558300654.18,1558300654.41,1558300654.45,19.81478405,0.227246999741,20.0420310497
1558300634.42,1558300654.38,1558300654.59,1558300654.61,19.9848308563,0.204223155975,20.1890540123
1558300634.43,1558300654.52,1558300654.75,1558300654.79,20.141092062,0.224315881729,20.3654079437
1558300634.43,1558300654.73,1558300654.93,1558300654.97,20.3334231377,0.199173927307,20.532597065
1558300634.45,1558300654.87,1558300655.09,1558300655.14,20.4635021687,0.222903966904,20.6864061356
1558300634.46,1558300655.05,1558300655.25,1558300655.29,20.6423361301,0.193382978439,20.8357191086
1558300634.47,1558300655.19,1558300655.41,1558300655.45,20.7698309422,0.214879989624,20.9847109318
1558300634.47,1558300655.38,1558300655.61,1558300655.63,20.9373250008,0.222187042236,21.159512043
1558300634.48,1558300655.57,1558300655.8,1558300655.85,21.1358792782,0.233779907227,21.3696591854
1558300634.49,1558300655.73,1558300655.95,1558300655.97,21.2610161304,0.216074943542,21.477091074
1558300634.5,1558300655.88,1558300656.11,1558300656.15,21.4211230278,0.22802400589,21.6491470337
1558300634.5,1558300656.08,1558300656.29,1558300656.31,21.5980160236,0.209238052368,21.807254076
1558300634.51,1558300656.27,1558300656.5,1558300656.55,21.8006138802,0.235989093781,22.0366029739
1558300634.53,1558300656.41,1558300656.63,1558300656.65,21.8983798027,0.219169139862,22.1175489426
1558300634.54,1558300656.59,1558300656.82,1558300656.87,22.0942940712,0.237285852432,22.3315799236
1558300634.55,1558300656.78,1558300656.97,1558300656.99,22.2487859726,0.191999912262,22.4407858849
1558300634.56,1558300656.91,1558300657.14,1558300657.19,22.4039840698,0.232301950455,22.6362860203
1558300634.56,1558300657.1,1558300657.31,1558300657.33,22.5659499168,0.202847957611,22.7687978745
1558300634.57,1558300657.25,1558300657.47,1558300657.53,22.7499341965,0.211515903473,22.9614500999
1558300634.58,1558300657.45,1558300657.65,1558300657.69,22.9133300781,0.198745012283,23.1120750904
1558300634.59,1558300657.58,1558300657.79,1558300657.83,23.0326740742,0.211543083191,23.2442171574
1558300634.59,1558300657.82,1558300658.02,1558300658.05,23.2569053173,0.202309846878,23.4592151642
1558300634.6,1558300657.98,1558300658.22,1558300658.29,23.4509351254,0.239739894867,23.6906750202
1558300634.61,1558300658.13,1558300658.34,1558300658.37,23.5532529354,0.210126161575,23.763379097
1558300634.62,1558300658.29,1558300658.51,1558300658.55,23.7176749706,0.215281009674,23.9329559803
1558300634.63,1558300658.5,1558300658.71,1558300658.74,23.9076499939,0.206401109695,24.1140511036
1558300634.63,1558300658.62,1558300658.85,1558300658.89,24.0334169865,0.223930120468,24.2573471069
1558300634.64,1558300658.81,1558300659.01,1558300659.05,24.2142267227,0.199113130569,24.4133398533
1558300634.65,1558300658.96,1558300659.19,1558300659.23,24.3526921272,0.22732591629,24.5800180435
1558300634.67,1558300659.14,1558300659.35,1558300659.44,24.5699560642,0.206875085831,24.7768311501
1558300634.68,1558300659.29,1558300659.51,1558300659.56,24.6739218235,0.211574077606,24.8854959011
1558300634.68,1558300659.49,1558300659.7,1558300659.73,24.834321022,0.215543985367,25.0498650074
1558300634.7,1558300659.67,1558300659.89,1558300659.93,25.0214879513,0.214030981064,25.2355189323
1558300634.71,1558300659.85,1558300660.06,1558300660.09,25.1698498726,0.215409040451,25.385258913
1558300634.72,1558300660.03,1558300660.26,1558300660.31,25.3560767174,0.235947132111,25.5920238495
1558300634.72,1558300660.19,1558300660.39,1558300660.41,25.4861278534,0.198059082031,25.6841869354
1558300634.73,1558300660.35,1558300660.57,1558300660.64,25.6845159531,0.216937065125,25.9014530182
1558300634.74,1558300660.71,1558300660.94,1558300660.99,26.0149312019,0.235981941223,26.2509131432
1558300634.75,1558300660.85,1558300661.06,1558300661.09,26.1248180866,0.211781978607,26.3366000652
1558300634.76,1558300661.03,1558300661.26,1558300661.31,26.3146100044,0.234839916229,26.5494499207
1558300634.77,1558300661.26,1558300661.47,1558300661.5,26.5197467804,0.206922054291,26.7266688347
1558300634.79,1558300661.41,1558300661.64,1558300661.69,26.6670231819,0.229898929596,26.8969221115
1558300634.8,1558300661.53,1558300661.74,1558300661.77,26.7604799271,0.212584972382,26.9730648994
1558300634.81,1558300661.7,1558300661.93,1558300662.0,26.9718346596,0.223517179489,27.1953518391
1558300634.81,1558300661.88,1558300662.07,1558300662.09,27.0876288414,0.190970182419,27.2785990238
1558300634.82,1558300662.04,1558300662.25,1558300662.29,27.2592802048,0.211221933365,27.4705021381
1558300634.83,1558300662.21,1558300662.43,1558300662.45,27.4117867947,0.211791992188,27.6235787868
1558300634.84,1558300662.56,1558300662.75,1558300662.8,27.7694621086,0.188973903656,27.9584360123
1558300634.84,1558300662.54,1558300662.77,1558300662.81,27.753190279,0.222993850708,27.9761841297
1558300634.86,1558300662.72,1558300662.94,1558300662.99,27.9153671265,0.213574886322,28.1289420128
1558300634.88,1558300662.89,1558300663.13,1558300663.17,28.0571420193,0.233438968658,28.2905809879
1558300634.88,1558300663.06,1558300663.28,1558300663.41,28.3094451427,0.218108892441,28.5275540352
1558300634.89,1558300663.25,1558300663.48,1558300663.52,28.4023139477,0.231930971146,28.6342449188
1558300634.9,1558300663.42,1558300663.64,1558300663.67,28.5572872162,0.213222980499,28.7705101967
1558300634.91,1558300663.56,1558300663.79,1558300663.83,28.6985752583,0.227171897888,28.9257471561
1558300634.91,1558300663.78,1558300663.98,1558300664.02,28.9077541828,0.19592499733,29.1036791801
1558300634.92,1558300663.9,1558300664.14,1558300664.18,29.0157291889,0.241602897644,29.2573320866
1558300634.93,1558300664.07,1558300664.3,1558300664.35,29.1991860867,0.224889993668,29.4240760803
1558300634.94,1558300664.24,1558300664.48,1558300664.52,29.3430361748,0.242360830307,29.5853970051
1558300634.95,1558300664.44,1558300664.66,1558300664.69,29.525290966,0.216776132584,29.7420670986
1558300634.96,1558300664.58,1558300664.8,1558300664.85,29.6607739925,0.225929021835,29.8867030144
1558300634.97,1558300664.79,1558300665.0,1558300665.05,29.8811581135,0.205696105957,30.0868542194
1558300634.97,1558300664.94,1558300665.18,1558300665.23,30.0144541264,0.23908996582,30.2535440922
1558300634.98,1558300665.13,1558300665.32,1558300665.36,30.1876568794,0.193756103516,30.3814129829
1558300634.99,1558300665.27,1558300665.5,1558300665.55,30.335006237,0.232486963272,30.5674932003
1558300634.99,1558300665.45,1558300665.66,1558300665.69,30.4963700771,0.204107999802,30.7004780769
1558300635.01,1558300665.62,1558300665.84,1558300665.89,30.6591389179,0.22892999649,30.8880689144
1558300635.01,1558300665.8,1558300666.0,1558300666.04,30.8262748718,0.197536230087,31.0238111019
1558300635.03,1558300665.95,1558300666.18,1558300666.23,30.9695427418,0.228448152542,31.1979908943
1558300635.04,1558300666.16,1558300666.38,1558300666.42,31.1610200405,0.21906709671,31.3800871372
1558300635.05,1558300666.33,1558300666.55,1558300666.59,31.3231999874,0.21935915947,31.5425591469
1558300635.06,1558300666.49,1558300666.68,1558300666.71,31.4649581909,0.191078901291,31.6560370922
1558300635.07,1558300666.64,1558300666.86,1558300666.91,31.6257457733,0.221801042557,31.8475468159
1558300635.07,1558300666.82,1558300667.02,1558300667.07,31.8022139072,0.198794126511,32.0010080338
1558300635.08,1558300666.99,1558300667.21,1558300667.25,31.9457569122,0.220570087433,32.1663269997
1558300635.09,1558300667.16,1558300667.38,1558300667.42,32.1173760891,0.21377491951,32.3311510086
1558300635.1,1558300667.35,1558300667.57,1558300667.62,32.3007929325,0.218800067902,32.5195930004
1558300635.12,1558300667.49,1558300667.7,1558300667.73,32.410159111,0.205963850021,32.616122961
1558300635.13,1558300667.68,1558300667.9,1558300667.94,32.5922942162,0.22559595108,32.8178901672
1558300635.14,1558300667.86,1558300668.08,1558300668.11,32.7563252449,0.218339920044,32.9746651649
1558300635.14,1558300668.01,1558300668.24,1558300668.29,32.9139008522,0.232412099838,33.146312952
1558300635.15,1558300668.2,1558300668.42,1558300668.45,33.0856020451,0.213572978973,33.299175024
1558300635.16,1558300668.35,1558300668.59,1558300668.63,33.2389290333,0.235119104385,33.4740481377
1558300635.17,1558300668.52,1558300668.74,1558300668.77,33.3952450752,0.210870981216,33.6061160564
1558300635.17,1558300668.69,1558300668.92,1558300668.97,33.5635828972,0.233766078949,33.7973489761
1558300635.18,1558300668.89,1558300669.1,1558300669.14,33.7505590916,0.206372976303,33.9569320679
1558300635.2,1558300669.05,1558300669.27,1558300669.32,33.9061739445,0.22070813179,34.1268820763
1558300635.21,1558300669.22,1558300669.42,1558300669.46,34.0476410389,0.202348947525,34.2499899864
1558300635.21,1558300669.37,1558300669.6,1558300669.65,34.2084567547,0.231862068176,34.4403188229
1558300635.22,1558300669.57,1558300669.78,1558300669.83,34.3978049755,0.207719087601,34.6055240631
1558300635.23,1558300669.71,1558300669.94,1558300669.99,34.5249919891,0.235517978668,34.7605099678
1558300635.24,1558300669.9,1558300670.12,1558300670.16,34.7005958557,0.218085050583,34.9186809063
1558300635.24,1558300670.07,1558300670.3,1558300670.34,34.8704750538,0.229919910431,35.1003949642
1558300635.25,1558300670.22,1558300670.42,1558300670.45,34.9996771812,0.199153900146,35.1988310814
1558300635.26,1558300670.39,1558300670.62,1558300670.67,35.1756329536,0.237617969513,35.4132509232
1558300635.28,1558300670.78,1558300671.0,1558300671.05,35.55031991,0.22338104248,35.7737009525
1558300635.28,1558300670.98,1558300671.2,1558300671.23,35.7361750603,0.213966846466,35.9501419067
1558300635.3,1558300671.09,1558300671.32,1558300671.36,35.8369050026,0.230010032654,36.0669150352
1558300635.3,1558300671.33,1558300671.54,1558300671.58,36.0683047771,0.20845413208,36.2767589092
1558300635.31,1558300671.42,1558300671.66,1558300671.7,36.1556470394,0.239330053329,36.3949770927
1558300635.32,1558300671.62,1558300671.84,1558300671.88,36.3422107697,0.221551179886,36.5637619495
1558300635.33,1558300671.75,1558300671.98,1558300672.02,36.4693892002,0.228153944016,36.6975431442
1558300635.33,1558300671.93,1558300672.14,1558300672.17,36.6329369545,0.208758115768,36.8416950703
1558300635.34,1558300672.1,1558300672.32,1558300672.37,36.8109669685,0.223237037659,37.0342040062
1558300635.35,1558300672.29,1558300672.5,1558300672.53,36.9728791714,0.209649801254,37.1825289726
1558300635.36,1558300672.44,1558300672.67,1558300672.72,37.1320049763,0.22768497467,37.3596899509
1558300635.37,1558300672.63,1558300672.86,1558300672.9,37.3084211349,0.221290826797,37.5297119617
1558300635.39,1558300672.8,1558300673.04,1558300673.09,37.4608817101,0.240567207336,37.7014489174
1558300635.4,1558300672.97,1558300673.18,1558300673.21,37.5992848873,0.209115028381,37.8083999157
1558300635.41,1558300673.16,1558300673.4,1558300673.45,37.7987101078,0.243208885193,38.041918993
1558300635.41,1558300673.34,1558300673.54,1558300673.57,37.9616971016,0.197556972504,38.1592540741
1558300635.42,1558300673.49,1558300673.72,1558300673.77,38.1121768951,0.232722043991,38.3448989391
1558300635.43,1558300673.68,1558300673.88,1558300673.92,38.2896170616,0.194699048996,38.4843161106
1558300635.45,1558300673.82,1558300674.05,1558300674.11,38.4339139462,0.227140903473,38.6610548496
1558300635.46,1558300673.99,1558300674.2,1558300674.23,38.5720880032,0.206182956696,38.7782709599
1558300635.47,1558300674.15,1558300674.37,1558300674.43,38.7534956932,0.211970090866,38.9654657841
1558300635.47,1558300674.38,1558300674.58,1558300674.62,38.9496941566,0.1957218647,39.1454160213
1558300635.48,1558300674.5,1558300674.73,1558300674.79,39.0851929188,0.223021030426,39.3082139492
1558300635.49,1558300674.66,1558300674.88,1558300674.91,39.20723176,0.212915182114,39.4201469421
1558300635.5,1558300674.82,1558300675.06,1558300675.11,39.3757760525,0.240133047104,39.6159090996
1558300635.5,1558300675.0,1558300675.22,1558300675.25,39.5376000404,0.211583852768,39.7491838932
1558300635.51,1558300675.18,1558300675.41,1558300675.45,39.7216291428,0.222953796387,39.9445829391
1558300635.52,1558300675.36,1558300675.58,1558300675.61,39.8733479977,0.214745044708,40.0880930424
1558300635.53,1558300675.53,1558300675.76,1558300675.81,40.0445740223,0.233165979385,40.2777400017
1558300635.54,1558300675.68,1558300675.88,1558300675.91,40.1735737324,0.197729110718,40.3713028431
1558300635.55,1558300675.88,1558300676.1,1558300676.15,40.3731679916,0.227771997452,40.6009399891
1558300635.56,1558300676.03,1558300676.22,1558300676.25,40.5096440315,0.187674999237,40.6973190308
1558300635.56,1558300676.2,1558300676.42,1558300676.47,40.6839001179,0.222404956818,40.9063050747
1558300635.57,1558300676.37,1558300676.58,1558300676.61,40.8343751431,0.205895900726,41.0402710438
1558300635.58,1558300676.59,1558300676.81,1558300676.87,41.0775401592,0.215059995651,41.2926001549
1558300635.58,1558300676.72,1558300676.92,1558300676.97,41.1888892651,0.198828935623,41.3877182007
1558300635.59,1558300676.89,1558300677.11,1558300677.17,41.365666151,0.215862989426,41.5815291405
1558300635.59,1558300677.05,1558300677.26,1558300677.31,41.5073099136,0.207540035248,41.7148499489
1558300635.6,1558300677.22,1558300677.45,1558300677.49,41.6658198833,0.226634025574,41.8924539089
1558300635.62,1558300677.4,1558300677.62,1558300677.65,41.8188610077,0.214695930481,42.0335569382
1558300635.63,1558300677.56,1558300677.79,1558300677.95,42.0918080807,0.22598195076,42.3177900314
1558300635.63,1558300677.76,1558300677.96,1558300678.01,42.1774301529,0.201212882996,42.3786430359
1558300635.64,1558300677.93,1558300678.14,1558300678.18,42.3260750771,0.214200019836,42.5402750969
1558300635.65,1558300678.09,1558300678.28,1558300678.32,42.4775209427,0.190562009811,42.6680829525
1558300635.66,1558300678.25,1558300678.47,1558300678.52,42.6400468349,0.217435121536,42.8574819565
1558300635.66,1558300678.48,1558300678.68,1558300678.72,42.8531000614,0.201048851013,43.0541489124
1558300635.67,1558300678.59,1558300678.81,1558300678.85,42.9580929279,0.219491004944,43.1775839329
1558300635.68,1558300678.82,1558300679.04,1558300679.08,43.1774947643,0.220731019974,43.3982257843
1558300635.69,1558300679.02,1558300679.26,1558300679.31,43.3759441376,0.245036840439,43.620980978
1558300635.71,1558300679.1,1558300679.32,1558300679.35,43.4327809811,0.212870121002,43.6456511021
1558300635.71,1558300679.29,1558300679.51,1558300679.55,43.6264071465,0.212548971176,43.8389561176
1558300635.73,1558300679.46,1558300679.68,1558300679.71,43.7673039436,0.216333150864,43.9836370945
1558300635.74,1558300679.62,1558300679.83,1558300679.87,43.9215180874,0.209418058395,44.1309361458
1558300635.75,1558300679.79,1558300680.0,1558300680.05,44.0944080353,0.20818901062,44.3025970459
1558300635.76,1558300679.98,1558300680.21,1558300680.25,44.2711489201,0.225287914276,44.4964368343
1558300635.76,1558300680.19,1558300680.4,1558300680.44,44.4679560661,0.208743810654,44.6766998768
1558300635.77,1558300680.31,1558300680.53,1558300680.57,44.5774490833,0.216465950012,44.7939150333
1558300635.79,1558300680.49,1558300680.7,1558300680.74,44.7459897995,0.205047130585,44.9510369301
1558300635.79,1558300680.66,1558300680.87,1558300680.91,44.9093930721,0.207949876785,45.1173429489
1558300635.8,1558300680.99,1558300681.2,1558300681.23,45.2193777561,0.215468168259,45.4348459244
1558300635.81,1558300681.15,1558300681.34,1558300681.37,45.3722820282,0.191441059113,45.5637230873
1558300635.82,1558300681.35,1558300681.57,1558300681.59,45.5646660328,0.212998867035,45.7776648998
1558300635.82,1558300681.5,1558300681.74,1558300681.78,45.724063158,0.234899997711,45.9589631557
1558300635.83,1558300681.67,1558300681.89,1558300681.91,45.863147974,0.214124917984,46.077272892
1558300635.84,1558300681.84,1558300682.06,1558300682.1,46.0476241112,0.214186906815,46.261811018
1558300635.85,1558300682.03,1558300682.25,1558300682.27,46.2045099735,0.216012001038,46.4205219746
1558300635.86,1558300682.18,1558300682.4,1558300682.44,46.3596820831,0.217504024506,46.5771861076
1558300635.87,1558300682.39,1558300682.61,1558300682.65,46.5634148121,0.21618103981,46.7795958519
1558300635.88,1558300682.51,1558300682.72,1558300682.75,46.6636061668,0.20969581604,46.8733019829
1558300635.89,1558300682.7,1558300682.91,1558300682.94,46.8394529819,0.210344076157,47.0497970581
1558300635.9,1558300682.87,1558300683.1,1558300683.14,47.0184919834,0.223336935043,47.2418289185
1558300635.9,1558300683.05,1558300683.27,1558300683.3,47.1798341274,0.221648931503,47.4014830589
1558300635.91,1558300683.21,1558300683.44,1558300683.48,47.3419468403,0.223600149155,47.5655469894
1558300635.92,1558300683.38,1558300683.59,1558300683.62,47.4942119122,0.210541963577,47.7047538757
1558300635.93,1558300683.54,1558300683.76,1558300683.8,47.6542568207,0.216858148575,47.8711149693
1558300635.93,1558300683.75,1558300683.97,1558300684.01,47.8611738682,0.215573072433,48.0767469406
1558300635.95,1558300683.92,1558300684.14,1558300684.18,48.0100152493,0.216632843018,48.2266480923
1558300635.96,1558300684.07,1558300684.29,1558300684.33,48.1490352154,0.217935800552,48.3669710159
1558300635.97,1558300684.22,1558300684.44,1558300684.48,48.2918527126,0.215293169022,48.5071458817
1558300635.98,1558300684.44,1558300684.65,1558300684.69,48.5082519054,0.205848932266,48.7141008377
1558300635.98,1558300684.57,1558300684.78,1558300684.82,48.6218018532,0.210739135742,48.8325409889
1558300635.99,1558300684.76,1558300685.0,1558300685.03,48.8010890484,0.239552974701,49.0406420231
1558300636.0,1558300684.91,1558300685.12,1558300685.15,48.9450728893,0.208004951477,49.1530778408
1558300636.01,1558300685.09,1558300685.31,1558300685.35,49.1311881542,0.213195800781,49.344383955
1558300636.03,1558300685.24,1558300685.44,1558300685.49,49.2640800476,0.193640947342,49.4577209949
1558300636.04,1558300685.44,1558300685.67,1558300685.71,49.4509751797,0.224301815033,49.6752769947
1558300636.05,1558300685.58,1558300685.8,1558300685.83,49.5646281242,0.218564987183,49.7831931114
1558300636.06,1558300685.81,1558300686.03,1558300686.05,49.7808680534,0.216964960098,49.9978330135
1558300636.06,1558300685.95,1558300686.16,1558300686.21,49.9422550201,0.208914995193,50.1511700153
1558300636.07,1558300686.12,1558300686.35,1558300686.38,50.0854160786,0.223283052444,50.308699131
1558300636.08,1558300686.27,1558300686.48,1558300686.51,50.2297999859,0.204373121262,50.4341731071
1558300636.09,1558300686.52,1558300686.74,1558300686.78,50.4699890614,0.220863103867,50.6908521652
1558300636.1,1558300686.65,1558300686.87,1558300686.89,50.5795989037,0.212495088577,50.7920939922
1558300636.11,1558300686.79,1558300687.0,1558300687.03,50.7187719345,0.205616950989,50.9243888855
1558300636.12,1558300686.97,1558300687.19,1558300687.23,50.8953709602,0.212230920792,51.107601881
1558300636.13,1558300687.15,1558300687.34,1558300687.37,51.0539529324,0.186496019363,51.2404489517
1558300636.14,1558300687.33,1558300687.55,1558300687.57,51.2067811489,0.219491958618,51.4262731075
1558300636.15,1558300687.47,1558300687.68,1558300687.71,51.3598701954,0.203424930573,51.563295126
1558300636.16,1558300687.7,1558300687.93,1558300687.96,51.5838851929,0.224555969238,51.8084411621
1558300636.17,1558300687.83,1558300688.04,1558300688.19,51.8114449978,0.208811998367,52.0202569962
1558300636.17,1558300688.11,1558300688.3,1558300688.35,51.9849450588,0.191923856735,52.1768689156
1558300636.18,1558300688.25,1558300688.47,1558300688.49,52.0923650265,0.212110042572,52.304475069
1558300636.19,1558300688.41,1558300688.62,1558300688.65,52.2533328533,0.208050966263,52.4613838196
1558300636.2,1558300688.5,1558300688.72,1558300688.75,52.3207392693,0.22517991066,52.5459191799
1558300636.21,1558300688.66,1558300688.86,1558300688.91,52.5083823204,0.193349838257,52.7017321587
1558300636.22,1558300688.95,1558300689.18,1558300689.21,52.7713201046,0.222770929337,52.9940910339
1558300636.23,1558300689.04,1558300689.25,1558300689.29,52.8553609848,0.206430196762,53.0617911816
1558300636.24,1558300689.17,1558300689.4,1558300689.44,52.9708859921,0.23847413063,53.2093601227
1558300636.24,1558300689.35,1558300689.57,1558300689.61,53.1467001438,0.218194007874,53.3648941517
1558300636.25,1558300689.6,1558300689.81,1558300689.85,53.383810997,0.213778018951,53.597589016
1558300636.25,1558300689.69,1558300689.92,1558300689.96,53.4790809155,0.230052947998,53.7091338634
1558300636.26,1558300689.89,1558300690.11,1558300690.15,53.6665220261,0.216272115707,53.8827941418
1558300636.27,1558300690.04,1558300690.28,1558300690.33,53.8180828094,0.240677118301,54.0587599277
1558300636.28,1558300690.21,1558300690.43,1558300690.47,53.9662871361,0.219852924347,54.1861400604
1558300636.29,1558300690.37,1558300690.61,1558300690.65,54.1238577366,0.234393119812,54.3582508564
1558300636.3,1558300690.6,1558300690.8,1558300690.83,54.3244280815,0.209682941437,54.5341110229
1558300636.3,1558300690.7,1558300690.91,1558300690.96,54.4526851177,0.206154108047,54.6588392258
1558300636.31,1558300690.92,1558300691.12,1558300691.15,54.6249318123,0.209499120712,54.834430933
1558300636.32,1558300691.3,1558300691.53,1558300691.55,55.000797987,0.224451065063,55.225249052
1558300636.33,1558300691.4,1558300691.62,1558300691.66,55.1100270748,0.22343993187,55.3334670067
1558300636.34,1558300691.6,1558300691.81,1558300691.83,55.2872540951,0.207859992981,55.4951140881
1558300636.34,1558300691.75,1558300691.97,1558300692.01,55.4524228573,0.211596012115,55.6640188694
1558300636.36,1558300691.93,1558300692.15,1558300692.17,55.5871973038,0.217544794083,55.8047420979
1558300636.37,1558300692.08,1558300692.32,1558300692.36,55.7523589134,0.240700960159,55.9930598736
1558300636.39,1558300692.26,1558300692.49,1558300692.51,55.8952558041,0.225849151611,56.1211049557
1558300636.4,1558300692.42,1558300692.66,1558300692.7,56.0669951439,0.23859500885,56.3055901527
1558300636.4,1558300692.61,1558300692.82,1558300692.85,56.2286820412,0.212510824203,56.4411928654
1558300636.41,1558300692.78,1558300693.02,1558300693.06,56.4114639759,0.240353107452,56.6518170834
1558300636.42,1558300692.98,1558300693.21,1558300693.23,56.5811741352,0.224079847336,56.8052539825
1558300636.43,1558300693.1,1558300693.32,1558300693.36,56.7137989998,0.222528934479,56.9363279343
1558300636.44,1558300693.34,1558300693.55,1558300693.57,56.9148821831,0.207020998001,57.1219031811
1558300636.45,1558300693.43,1558300693.66,1558300693.7,57.0173099041,0.232439994812,57.2497498989
1558300636.47,1558300693.61,1558300693.82,1558300693.85,57.1693089008,0.21407699585,57.3833858967
1558300636.47,1558300693.79,1558300694.01,1558300694.05,57.3540260792,0.220992803574,57.5750188828
1558300636.48,1558300693.96,1558300694.17,1558300694.19,57.5076751709,0.207067012787,57.7147421837
1558300636.49,1558300694.13,1558300694.35,1558300694.4,57.6963746548,0.213837146759,57.9102118015
1558300636.5,1558300694.3,1558300694.51,1558300694.54,57.8435060978,0.203812837601,58.0473189354
1558300636.5,1558300694.47,1558300694.7,1558300694.75,58.0179648399,0.230996131897,58.2489609718
1558300636.51,1558300694.65,1558300694.86,1558300694.89,58.1643872261,0.211619853973,58.3760070801
1558300636.52,1558300694.8,1558300695.04,1558300695.08,58.324848175,0.238328933716,58.5631771088
1558300636.54,1558300694.99,1558300695.19,1558300695.22,58.4900808334,0.1991751194,58.6892559528
1558300636.54,1558300695.23,1558300695.45,1558300695.47,58.7073719501,0.216691017151,58.9240629673
1558300636.55,1558300695.33,1558300695.56,1558300695.6,58.8199298382,0.228861093521,59.0487909317
1558300636.56,1558300695.53,1558300695.75,1558300695.78,59.0051300526,0.218384981155,59.2235150337
1558300636.57,1558300695.66,1558300695.9,1558300695.94,59.1303761005,0.24122095108,59.3715970516
1558300636.58,1558300695.84,1558300696.06,1558300696.09,59.2793250084,0.229360103607,59.508685112
1558300636.59,1558300696.01,1558300696.23,1558300696.27,59.4694979191,0.215729951859,59.6852278709
1558300636.59,1558300696.19,1558300696.4,1558300696.43,59.6188406944,0.213280200958,59.8321208954
1558300636.6,1558300696.35,1558300696.58,1558300696.63,59.7951471806,0.232152938843,60.0273001194
1558300636.62,1558300696.54,1558300696.77,1558300696.79,59.9482288361,0.224189996719,60.1724188328
1558300636.62,1558300696.68,1558300696.9,1558300696.94,60.0939052105,0.225775957108,60.3196811676
1558300636.63,1558300696.88,1558300697.09,1558300697.13,60.2887511253,0.203150033951,60.4919011593
1558300636.64,1558300697.05,1558300697.27,1558300697.31,60.4515171051,0.21582198143,60.6673390865
1558300636.65,1558300697.25,1558300697.47,1558300697.49,60.6278240681,0.212898015976,60.840722084
1558300636.65,1558300697.36,1558300697.58,1558300697.62,60.7515161037,0.218867063522,60.9703831673
1558300636.66,1558300697.56,1558300697.78,1558300697.8,60.9209959507,0.220093011856,61.1410889626
1558300636.67,1558300697.71,1558300697.94,1558300697.99,61.0799648762,0.231378078461,61.3113429546
1558300636.68,1558300697.91,1558300698.13,1558300698.15,61.2519540787,0.214588880539,61.4665429592
1558300636.7,1558300698.06,1558300698.3,1558300698.34,61.4021492004,0.24046087265,61.6426100731
1558300636.71,1558300698.23,1558300698.45,1558300698.49,61.5536909103,0.2190721035,61.7727630138
1558300636.73,1558300698.39,1558300698.62,1558300698.66,61.7054870129,0.230218887329,61.9357059002
1558300636.74,1558300698.57,1558300698.79,1558300698.81,61.8489861488,0.219965934753,62.0689520836
1558300636.75,1558300698.73,1558300698.95,1558300698.99,62.0209171772,0.220852851868,62.2417700291
1558300636.76,1558300699.08,1558300699.31,1558300699.35,62.3568968773,0.229572057724,62.586468935
1558300636.76,1558300699.1,1558300699.31,1558300699.36,62.3981759548,0.203144073486,62.6013200283
1558300636.78,1558300699.25,1558300699.46,1558300699.49,62.505507946,0.205717086792,62.7112250328
1558300636.79,1558300699.42,1558300699.64,1558300699.69,62.6710298061,0.225378036499,62.8964078426
1558300636.8,1558300699.58,1558300699.8,1558300699.83,62.8161568642,0.219830989838,63.035987854
1558300636.81,1558300699.76,1558300699.99,1558300700.03,62.995898962,0.228832006454,63.2247309685
1558300636.82,1558300699.95,1558300700.16,1558300700.21,63.1808021069,0.206596851349,63.3873989582
1558300636.83,1558300700.1,1558300700.34,1558300700.38,63.3132190704,0.240335941315,63.5535550117
1558300636.84,1558300700.29,1558300700.48,1558300700.52,63.4856581688,0.193213939667,63.6788721085
1558300636.85,1558300700.44,1558300700.66,1558300700.7,63.6323480606,0.226927042007,63.8592751026
1558300636.86,1558300700.62,1558300700.82,1558300700.86,63.8040771484,0.194667816162,63.9987449646
1558300636.87,1558300700.79,1558300701.02,1558300701.06,63.962002039,0.228615999222,64.1906180382
1558300636.88,1558300700.95,1558300701.16,1558300701.21,64.1179847717,0.206815004349,64.3247997761
1558300636.89,1558300701.3,1558300701.5,1558300701.55,64.4627768993,0.195667028427,64.6584439278
1558300636.9,1558300701.47,1558300701.69,1558300701.73,64.6154110432,0.215084075928,64.8304951191
1558300636.91,1558300701.65,1558300701.88,1558300701.91,64.7812280655,0.224094867706,65.0053229332
1558300636.92,1558300701.83,1558300702.06,1558300702.11,64.9532191753,0.236207962036,65.1894271374
1558300636.93,1558300701.99,1558300702.2,1558300702.24,65.111303091,0.20282793045,65.3141310215
1558300636.93,1558300702.14,1558300702.37,1558300702.41,65.2552068233,0.223786115646,65.478992939
1558300636.95,1558300702.34,1558300702.54,1558300702.59,65.4440479279,0.194503068924,65.6385509968
1558300636.96,1558300702.52,1558300702.76,1558300702.83,65.6360321045,0.240288972855,65.8763210773
1558300636.96,1558300702.65,1558300702.84,1558300702.88,65.7237348557,0.187201976776,65.9109368324
1558300636.97,1558300702.81,1558300703.04,1558300703.15,65.9384908676,0.237049102783,66.1755399704
1558300636.98,1558300703.0,1558300703.22,1558300703.25,66.0597558022,0.212921142578,66.2726769447
1558300636.99,1558300703.16,1558300703.4,1558300703.44,66.2130539417,0.24313211441,66.4561860561
1558300636.99,1558300703.42,1558300703.65,1558300703.76,66.539265871,0.226637125015,66.7659029961
1558300637.0,1558300703.54,1558300703.76,1558300703.79,66.5735208988,0.217225074768,66.7907459736
1558300637.01,1558300703.67,1558300703.9,1558300703.94,66.6973211765,0.232668876648,66.9299900532
1558300637.02,1558300703.87,1558300704.08,1558300704.13,66.9059669971,0.206463813782,67.1124308109
1558300637.03,1558300704.02,1558300704.25,1558300704.3,67.0496969223,0.223428010941,67.2731249332
1558300637.04,1558300704.18,1558300704.4,1558300704.43,67.1827039719,0.210587024689,67.3932909966
1558300637.04,1558300704.39,1558300704.64,1558300704.68,67.3863289356,0.254693984985,67.6410229206
1558300637.05,1558300704.53,1558300704.74,1558300704.77,67.5123441219,0.210639953613,67.7229840755
1558300637.06,1558300704.7,1558300704.92,1558300704.96,67.6812319756,0.226946115494,67.908178091
1558300637.07,1558300704.87,1558300705.08,1558300705.13,67.8544402122,0.205273866653,68.0597140789
1558300637.08,1558300705.04,1558300705.26,1558300705.31,67.9966070652,0.226759910583,68.2233669758
1558300637.1,1558300705.23,1558300705.44,1558300705.47,68.1682980061,0.206552028656,68.3748500347
1558300637.12,1558300705.37,1558300705.6,1558300705.64,68.2903590202,0.233408927917,68.5237679482
1558300637.13,1558300705.56,1558300705.78,1558300705.81,68.4671239853,0.214637994766,68.6817619801
1558300637.14,1558300705.75,1558300705.98,1558300706.03,68.6550168991,0.233560085297,68.8885769844
1558300637.14,1558300705.92,1558300706.12,1558300706.15,68.807696104,0.202183008194,69.0098791122
1558300637.15,1558300706.06,1558300706.29,1558300706.33,68.9537498951,0.225187063217,69.1789369583
1558300637.16,1558300706.24,1558300706.44,1558300706.47,69.1158769131,0.198192119598,69.3140690327
1558300637.17,1558300706.41,1558300706.64,1558300706.74,69.3363668919,0.235604047775,69.5719709396
1558300637.18,1558300706.57,1558300706.8,1558300706.83,69.431137085,0.221597909927,69.6527349949
1558300637.18,1558300706.77,1558300707.0,1558300707.13,69.7114391327,0.235944986343,69.947384119
1558300637.2,1558300706.92,1558300707.14,1558300707.17,69.7588531971,0.215772867203,69.9746260643
1558300637.21,1558300707.08,1558300707.32,1558300707.36,69.9187819958,0.238635063171,70.1574170589
1558300637.21,1558300707.26,1558300707.48,1558300707.51,70.0794529915,0.216142892838,70.2955958843
1558300637.22,1558300707.43,1558300707.66,1558300707.7,70.2483918667,0.231800079346,70.480191946
1558300637.23,1558300707.65,1558300707.86,1558300707.9,70.4602468014,0.207529067993,70.6677758694
1558300637.24,1558300707.79,1558300708.02,1558300708.06,70.5967948437,0.231511116028,70.8283059597
1558300637.24,1558300707.95,1558300708.16,1558300708.21,70.7606511116,0.207392930984,70.9680440426
1558300637.26,1558300708.11,1558300708.34,1558300708.39,70.8988330364,0.228386878967,71.1272199154
1558300637.27,1558300708.3,1558300708.52,1558300708.55,71.0703628063,0.216559171677,71.286921978
1558300637.29,1558300708.44,1558300708.67,1558300708.72,71.2086200714,0.227546930313,71.4361670017
1558300637.3,1558300708.7,1558300708.92,1558300708.97,71.439688921,0.226913928986,71.66660285
1558300637.31,1558300708.82,1558300709.02,1558300709.06,71.5467720032,0.200755119324,71.7475271225
1558300637.32,1558300708.97,1558300709.2,1558300709.25,71.6943018436,0.233310937881,71.9276127815
1558300637.33,1558300709.17,1558300709.38,1558300709.43,71.8973062038,0.206457853317,72.1037640572
1558300637.33,1558300709.31,1558300709.53,1558300709.57,72.0165588856,0.220592021942,72.2371509075
1558300637.34,1558300709.48,1558300709.7,1558300709.73,72.1762990952,0.212147951126,72.3884470463
1558300637.36,1558300709.66,1558300709.88,1558300709.93,72.3406858444,0.227504014969,72.5681898594
1558300637.37,1558300709.84,1558300710.06,1558300710.09,72.5019972324,0.217857837677,72.7198550701
1558300637.38,1558300709.99,1558300710.22,1558300710.27,72.6554048061,0.22908115387,72.88448596
1558300637.39,1558300710.2,1558300710.42,1558300710.6,72.9936771393,0.212338924408,73.2060160637
1558300637.4,1558300710.34,1558300710.56,1558300710.61,72.9817709923,0.227674007416,73.2094449997
1558300637.42,1558300710.52,1558300710.76,1558300710.87,73.2210278511,0.231153964996,73.4521818161
1558300637.43,1558300710.7,1558300710.93,1558300711.13,73.4754500389,0.227451086044,73.702901125
1558300637.43,1558300710.87,1558300711.08,1558300711.14,73.4948050976,0.209770917892,73.7045760155
1558300637.45,1558300711.03,1558300711.25,1558300711.37,73.7021460533,0.220752954483,73.9228990078
1558300637.46,1558300711.2,1558300711.4,1558300711.54,73.8844158649,0.201289176941,74.0857050419
1558300637.46,1558300711.54,1558300711.76,1558300711.87,74.1871128082,0.216438055038,74.4035508633
1558300637.47,1558300711.69,1558300711.92,1558300712.05,74.3485779762,0.229503154755,74.578081131
1558300637.48,1558300711.9,1558300712.12,1558300712.23,74.541903019,0.214464902878,74.7563679218
1558300637.49,1558300712.03,1558300712.26,1558300712.41,74.6926698685,0.230802059174,74.9234719276
1558300637.5,1558300712.23,1558300712.46,1558300712.59,74.8692669868,0.22429895401,75.0935659409
1558300637.5,1558300712.39,1558300712.62,1558300712.78,75.035394907,0.237291097641,75.2726860046
1558300637.51,1558300712.57,1558300712.78,1558300712.92,75.1963801384,0.211396932602,75.407777071
1558300637.52,1558300712.74,1558300712.95,1558300713.1,75.3705289364,0.209612131119,75.5801410675
1558300637.54,1558300712.9,1558300713.12,1558300713.28,75.5159478188,0.219989061356,75.7359368801
1558300637.56,1558300713.08,1558300713.32,1558300713.47,75.6731667519,0.243071079254,75.9162378311
1558300637.57,1558300713.25,1558300713.46,1558300713.49,75.7136909962,0.206974983215,75.9206659794
1558300637.58,1558300713.43,1558300713.66,1558300713.82,76.0121152401,0.235701799393,76.2478170395
1558300637.58,1558300713.59,1558300713.82,1558300713.97,76.1552402973,0.226796865463,76.3820371628
1558300637.59,1558300713.78,1558300714.02,1558300714.07,76.2312147617,0.244356155396,76.4755709171
1558300637.6,1558300713.92,1558300714.14,1558300714.17,76.3574428558,0.213884115219,76.5713269711
1558300637.61,1558300714.12,1558300714.34,1558300714.39,76.5532529354,0.225662946701,76.7789158821
1558300637.62,1558300714.26,1558300714.48,1558300714.51,76.6710572243,0.216480970383,76.8875381947
1558300637.63,1558300714.42,1558300714.65,1558300714.69,76.8393630981,0.224305868149,77.0636689663
1558300637.64,1558300714.6,1558300714.82,1558300714.86,77.0024390221,0.217883110046,77.2203221321
1558300637.65,1558300714.77,1558300715.0,1558300715.04,77.1656739712,0.230273008347,77.3959469795
1558300637.65,1558300714.94,1558300715.16,1558300715.21,77.3365290165,0.217365980148,77.5538949966
1558300637.66,1558300715.14,1558300715.36,1558300715.41,77.5252048969,0.226984024048,77.752188921
1558300637.67,1558300715.29,1558300715.5,1558300715.53,77.6592960358,0.204936027527,77.8642320633
1558300637.67,1558300715.45,1558300715.68,1558300715.8,77.8905329704,0.233921051025,78.1244540215
1558300637.68,1558300715.64,1558300715.86,1558300715.91,78.0065402985,0.221681833267,78.2282221317
1558300637.69,1558300715.79,1558300716.02,1558300716.07,78.1420388222,0.235227108002,78.3772659302
1558300637.71,1558300715.97,1558300716.18,1558300716.21,78.2971110344,0.207818984985,78.5049300194
1558300637.71,1558300716.15,1558300716.37,1558300716.41,78.4797990322,0.215337991714,78.6951370239
1558300637.72,1558300716.32,1558300716.56,1558300716.59,78.6313638687,0.238780021667,78.8701438904
1558300637.74,1558300716.5,1558300716.73,1558300716.77,78.8073921204,0.223894834518,79.0312869549
1558300637.74,1558300716.67,1558300716.88,1558300716.92,78.9605381489,0.211810827255,79.1723489761
1558300637.75,1558300716.83,1558300717.05,1558300717.09,79.1207318306,0.219216108322,79.3399479389
1558300637.76,1558300716.99,1558300717.22,1558300717.25,79.2721338272,0.222326040268,79.4944598675
1558300637.76,1558300717.18,1558300717.39,1558300717.43,79.4586389065,0.20686507225,79.6655039787
1558300637.78,1558300717.34,1558300717.56,1558300717.59,79.5992801189,0.215520858765,79.8148009777
1558300637.79,1558300717.51,1558300717.73,1558300717.77,79.7705061436,0.212919950485,79.9834260941
1558300637.8,1558300717.68,1558300717.9,1558300717.95,79.941163063,0.213063001633,80.1542260647
1558300637.8,1558300717.85,1558300718.07,1558300718.11,80.0853171349,0.218478918076,80.3037960529
1558300637.81,1558300718.06,1558300718.28,1558300718.33,80.3021261692,0.217839956284,80.5199661255
1558300637.82,1558300718.2,1558300718.42,1558300718.47,80.4253659248,0.22257900238,80.6479449272
1558300637.83,1558300718.35,1558300718.58,1558300718.61,80.5621440411,0.222855091095,80.7849991322
1558300637.83,1558300718.6,1558300718.82,1558300718.87,80.8247640133,0.213002920151,81.0377669334
1558300637.84,1558300718.69,1558300718.92,1558300718.98,80.9114830494,0.233183860779,81.1446669102
1558300637.85,1558300718.87,1558300719.08,1558300719.11,81.0586049557,0.205862998962,81.2644679546
1558300637.87,1558300719.05,1558300719.27,1558300719.31,81.2269940376,0.2154109478,81.4424049854
1558300637.88,1558300719.23,1558300719.44,1558300719.49,81.4063000679,0.205428123474,81.6117281914
1558300637.89,1558300719.41,1558300719.63,1558300719.69,81.5846500397,0.218930006027,81.8035800457
1558300637.89,1558300719.56,1558300719.78,1558300719.82,81.7038741112,0.220661878586,81.9245359898
1558300637.9,1558300719.77,1558300720.0,1558300720.05,81.9080412388,0.238093852997,82.1461350918
1558300637.91,1558300719.92,1558300720.12,1558300720.17,82.0641772747,0.202041864395,82.2662191391
