,processing_end_time,processing_start_time,message_arrived,message_sent,processing_delay,network_delay,overall_delay
0,1557687022.675237,1557687022.292728,1557687022.704613,1557687022.2191448,0.3825089931488037,0.10295915603637695,0.48546814918518066
1,1557687023.644069,1557687023.299984,1557687023.674398,1557687023.238204,0.3440849781036377,0.09210896492004395,0.43619394302368164
2,1557687024.699191,1557687024.305295,1557687024.730084,1557687024.256185,0.39389610290527344,0.0800027847290039,0.47389888763427734
3,1557687025.670275,1557687025.318009,1557687025.6993551,1557687025.272318,0.3522660732269287,0.07477116584777832,0.42703723907470703
4,1557687026.69895,1557687026.3524551,1557687026.727507,1557687026.2896,0.3464949131011963,0.09141230583190918,0.43790721893310547
5,1557687027.781032,1557687027.376022,1557687027.809622,1557687027.310573,0.4050099849700928,0.0940389633178711,0.49904894828796387
6,1557687028.742934,1557687028.371737,1557687028.770719,1557687028.329816,0.371196985244751,0.06970596313476562,0.4409029483795166
7,1557687029.766234,1557687029.388485,1557687029.796949,1557687029.345018,0.377748966217041,0.07418203353881836,0.4519309997558594
8,1557687030.7998269,1557687030.408412,1557687030.8271868,1557687030.362374,0.3914148807525635,0.07339787483215332,0.4648127555847168
9,1557687031.792337,1557687031.443073,1557687031.819566,1557687031.380637,0.34926390647888184,0.08966517448425293,0.43892908096313477
10,1557687032.791064,1557687032.446217,1557687032.890831,1557687032.397165,0.3448469638824463,0.1488189697265625,0.4936659336090088
11,1557687033.854839,1557687033.4574368,1557687033.882691,1557687033.4138448,0.397402286529541,0.07144379615783691,0.46884608268737793
12,1557687034.830406,1557687034.483078,1557687034.860909,1557687034.4336631,0.34732794761657715,0.07991790771484375,0.4272458553314209
13,1557687035.8972769,1557687035.50536,1557687035.929967,1557687035.4531279,0.39191699028015137,0.08492207527160645,0.4768390655517578
14,1557687036.9073071,1557687036.514883,1557687036.9361439,1557687036.469761,0.3924241065979004,0.0739588737487793,0.4663829803466797
15,1557687037.881931,1557687037.532521,1557687037.909643,1557687037.487258,0.3494100570678711,0.07297492027282715,0.42238497734069824
16,1557687038.941125,1557687038.546638,1557687038.969878,1557687038.503129,0.3944869041442871,0.07226204872131348,0.4667489528656006
17,1557687039.93907,1557687039.57051,1557687039.969717,1557687039.518969,0.3685600757598877,0.08218789100646973,0.4507479667663574
18,1557687040.927226,1557687040.58491,1557687040.957587,1557687040.535869,0.3423161506652832,0.07940196990966797,0.42171812057495117
19,1557687041.998122,1557687041.596915,1557687042.0290759,1557687041.5524411,0.40120697021484375,0.07542777061462402,0.4766347408294678
20,1557687042.9587538,1557687042.612103,1557687042.98811,1557687042.567223,0.3466508388519287,0.07423615455627441,0.4208869934082031
21,1557687043.992645,1557687043.6446471,1557687044.051296,1557687043.5842311,0.34799790382385254,0.11906695365905762,0.46706485748291016
22,1557687045.0530539,1557687044.65769,1557687045.181873,1557687044.601443,0.39536380767822266,0.18506622314453125,0.5804300308227539
23,1557687046.022153,1557687045.667701,1557687046.049476,1557687045.6185231,0.35445189476013184,0.07650089263916016,0.430952787399292
24,1557687047.033962,1557687046.690993,1557687047.062949,1557687046.636144,0.3429689407348633,0.08383607864379883,0.4268050193786621
25,1557687048.109097,1557687047.707435,1557687048.201318,1557687047.653899,0.40166211128234863,0.14575695991516113,0.5474190711975098
26,1557687049.2300189,1557687048.883977,1557687049.257731,1557687048.671486,0.3460419178009033,0.2402031421661377,0.586245059967041
27,1557687050.3718278,1557687049.9743268,1557687050.480882,1557687049.688119,0.39750099182128906,0.3952620029449463,0.7927629947662354
28,1557687051.353405,1557687051.006183,1557687051.384964,1557687050.705118,0.34722208976745605,0.3326239585876465,0.6798460483551025
29,1557687052.117981,1557687051.772396,1557687052.14854,1557687051.7214642,0.3455848693847656,0.08149099349975586,0.4270758628845215
30,1557687053.176238,1557687052.783378,1557687053.20591,1557687052.7370641,0.39286017417907715,0.07598567008972168,0.46884584426879883
31,1557687054.1456661,1557687053.798964,1557687054.1753151,1557687053.754168,0.34670209884643555,0.07444500923156738,0.42114710807800293
32,1557687055.170534,1557687054.823451,1557687055.199241,1557687054.771763,0.34708285331726074,0.08039498329162598,0.4274778366088867
33,1557687056.2296462,1557687055.8348482,1557687056.256555,1557687055.787357,0.39479804039001465,0.07439994812011719,0.46919798851013184
34,1557687057.207164,1557687056.8621929,1557687057.235232,1557687056.804452,0.3449711799621582,0.08580899238586426,0.43078017234802246
35,1557687058.218169,1557687057.870681,1557687058.247043,1557687057.8198109,0.3474879264831543,0.07974410057067871,0.427232027053833
36,1557687059.2752938,1557687058.8818278,1557687059.304353,1557687058.836368,0.3934659957885742,0.07451891899108887,0.4679849147796631
37,1557687060.242557,1557687059.897613,1557687060.269998,1557687059.853175,0.3449440002441406,0.07187914848327637,0.416823148727417
38,1557687061.313894,1557687060.912591,1557687061.462111,1557687060.866899,0.4013030529022217,0.1939089298248291,0.5952119827270508
39,1557687062.29089,1557687061.9379392,1557687062.326868,1557687061.883415,0.3529508113861084,0.09050226211547852,0.4434530735015869
40,1557687063.306787,1557687062.95863,1557687063.3397849,1557687062.9022028,0.3481569290161133,0.08942508697509766,0.43758201599121094
41,1557687064.361343,1557687063.964953,1557687064.389885,1557687063.9200768,0.3963899612426758,0.07341814041137695,0.46980810165405273
42,1557687065.353344,1557687064.980788,1557687065.383415,1557687064.934746,0.3725559711456299,0.07611298561096191,0.4486689567565918
43,1557687066.337628,1557687065.994023,1557687066.369492,1557687065.951105,0.34360480308532715,0.07478213310241699,0.41838693618774414
44,1557687067.407231,1557687067.015072,1557687067.435197,1557687066.970062,0.39215898513793945,0.07297611236572266,0.4651350975036621
45,1557687068.3797722,1557687068.034612,1557687068.408849,1557687067.98809,0.34516024589538574,0.07559871673583984,0.4207589626312256
46,1557687069.446723,1557687069.053402,1557687069.476724,1557687069.006279,0.39332103729248047,0.07712388038635254,0.470444917678833
47,1557687070.4573529,1557687070.066641,1557687070.4854949,1557687070.023272,0.39071178436279297,0.07151103019714355,0.4622228145599365
48,1557687071.439626,1557687071.093709,1557687071.470167,1557687071.041274,0.3459169864654541,0.08297586441040039,0.4288928508758545
49,1557687072.5062141,1557687072.107425,1557687072.601788,1557687072.059269,0.3987891674041748,0.14372992515563965,0.5425190925598145
50,1557687073.694599,1557687073.295482,1557687073.7251189,1557687073.0763009,0.39911699295043945,0.24970102310180664,0.6488180160522461
51,1557687074.502754,1557687074.159338,1557687074.5307221,1557687074.095025,0.3434159755706787,0.09228110313415527,0.435697078704834
52,1557687075.509422,1557687075.166353,1557687075.538441,1557687075.1132119,0.34306907653808594,0.08215999603271484,0.4252290725708008
53,1557687076.5702882,1557687076.174932,1557687076.599433,1557687076.128132,0.3953561782836914,0.07594466209411621,0.4713008403778076
54,1557687077.542922,1557687077.190798,1557687077.573026,1557687077.14559,0.3521239757537842,0.07531189918518066,0.42743587493896484
55,1557687078.606441,1557687078.2112598,1557687078.636425,1557687078.16399,0.39518117904663086,0.07725381851196289,0.47243499755859375
56,1557687079.6314151,1557687079.233905,1557687079.661017,1557687079.181895,0.3975100517272949,0.08161187171936035,0.4791219234466553
57,1557687080.587042,1557687080.242408,1557687080.616121,1557687080.2008018,0.3446340560913086,0.07068514823913574,0.41531920433044434
58,1557687081.671391,1557687081.273657,1557687081.7003381,1557687081.216883,0.3977339267730713,0.08572125434875488,0.48345518112182617
59,1557687082.671294,1557687082.279108,1557687082.700931,1557687082.232381,0.39218592643737793,0.07636404037475586,0.4685499668121338
60,1557687083.640926,1557687083.2874131,1557687083.78115,1557687083.249026,0.3535127639770508,0.17861127853393555,0.5321240425109863
61,1557687084.751173,1557687084.313024,1557687084.807931,1557687084.265483,0.43814897537231445,0.10429906845092773,0.5424480438232422
62,1557687085.720238,1557687085.328675,1557687085.750689,1557687085.281956,0.39156293869018555,0.07717013359069824,0.4687330722808838
63,1557687086.6938221,1557687086.344881,1557687086.722697,1557687086.299694,0.3489410877227783,0.07406187057495117,0.4230029582977295
64,1557687087.767013,1557687087.3698962,1557687087.7998722,1557687087.319177,0.39711689949035645,0.08357834815979004,0.4806952476501465
65,1557687088.778815,1557687088.384915,1557687088.808594,1557687088.338037,0.39389991760253906,0.07665705680847168,0.47055697441101074
66,1557687089.750542,1557687089.4010901,1557687089.779171,1557687089.35707,0.34945178031921387,0.07264924049377441,0.4221010208129883
67,1557687090.768926,1557687090.421422,1557687090.799317,1557687090.375825,0.3475039005279541,0.0759880542755127,0.4234919548034668
68,1557687091.838906,1557687091.440072,1557687091.868947,1557687091.393353,0.3988339900970459,0.07676005363464355,0.47559404373168945
69,1557687092.8077831,1557687092.463165,1557687092.835687,1557687092.412148,0.3446180820465088,0.07892084121704102,0.4235389232635498
70,1557687093.830964,1557687093.480351,1557687093.860865,1557687093.429368,0.3506131172180176,0.08088397979736328,0.43149709701538086
71,1557687094.896433,1557687094.497618,1557687094.925306,1557687094.445307,0.3988151550292969,0.08118391036987305,0.4799990653991699
72,1557687095.859742,1557687095.516839,1557687095.890142,1557687095.462449,0.34290289878845215,0.08478999137878418,0.42769289016723633
73,1557687096.917898,1557687096.52319,1557687096.948832,1557687096.4795911,0.39470791816711426,0.07453298568725586,0.4692409038543701
74,1557687097.961739,1557687097.567215,1557687097.9899142,1557687097.497804,0.39452409744262695,0.09758615493774414,0.4921102523803711
75,1557687098.905959,1557687098.560087,1557687098.933438,1557687098.517302,0.3458719253540039,0.07026410102844238,0.4161360263824463
76,1557687099.963406,1557687099.574641,1557687099.995439,1557687099.534253,0.3887650966644287,0.07242107391357422,0.46118617057800293
77,1557687100.9917212,1557687100.596905,1557687101.02205,1557687100.551588,0.39481616020202637,0.07564568519592285,0.4704618453979492
78,1557687101.97246,1557687101.618185,1557687102.005965,1557687101.569359,0.3542749881744385,0.08233094215393066,0.43660593032836914
79,1557687102.973473,1557687102.6293108,1557687103.00205,1557687102.5853472,0.3441622257232666,0.0725405216217041,0.4167027473449707
80,1557687104.04862,1557687103.6526651,1557687104.0780802,1557687103.6019812,0.39595484733581543,0.08014416694641113,0.47609901428222656
81,1557687105.011856,1557687104.666214,1557687105.083296,1557687104.622216,0.34564208984375,0.11543798446655273,0.46108007431030273
82,1557687106.0993571,1557687105.682156,1557687106.127508,1557687105.640159,0.41720104217529297,0.07014799118041992,0.4873490333557129
83,1557687107.049968,1557687106.705271,1557687107.0795538,1557687106.657325,0.3446969985961914,0.07753181457519531,0.4222288131713867
84,1557687108.071147,1557687107.723361,1557687108.100698,1557687107.674807,0.34778594970703125,0.07810497283935547,0.4258909225463867
85,1557687109.196435,1557687108.7819269,1557687109.2221868,1557687108.69254,0.4145081043243408,0.11513876914978027,0.5296468734741211
86,1557687110.282596,1557687109.9333231,1557687110.428116,1557687109.708694,0.3492729663848877,0.3701491355895996,0.7194221019744873
87,1557687111.355467,1557687110.957712,1557687111.4816618,1557687110.725962,0.39775514602661133,0.3579447269439697,0.755699872970581
88,1557687112.40681,1557687112.005393,1557687112.436393,1557687111.7433732,0.4014170169830322,0.29160284996032715,0.6930198669433594
89,1557687113.156816,1557687112.807986,1557687113.1861641,1557687112.761654,0.348829984664917,0.07568025588989258,0.42451024055480957
90,1557687114.180584,1557687113.8316429,1557687114.2090788,1557687113.782557,0.3489410877227783,0.07758069038391113,0.42652177810668945
91,1557687115.266476,1557687114.847234,1557687115.295316,1557687114.800628,0.41924190521240234,0.07544612884521484,0.4946880340576172
92,1557687116.21234,1557687115.867306,1557687116.242853,1557687115.81584,0.345034122467041,0.08197879791259766,0.42701292037963867
93,1557687117.234813,1557687116.88827,1557687117.263708,1557687116.833941,0.3465430736541748,0.08322405815124512,0.4297671318054199
94,1557687118.324962,1557687117.901995,1557687118.353389,1557687117.852726,0.42296695709228516,0.07769608497619629,0.5006630420684814
95,1557687119.273027,1557687118.927842,1557687119.302454,1557687118.871406,0.3451850414276123,0.08586287498474121,0.4310479164123535
96,1557687120.335256,1557687119.943526,1557687120.361305,1557687119.889305,0.39173007011413574,0.08026981353759766,0.4719998836517334
97,1557687121.328614,1557687120.954714,1557687121.355282,1557687120.906173,0.3738999366760254,0.07520914077758789,0.4491090774536133
98,1557687122.330734,1557687121.980058,1557687122.395259,1557687121.920533,0.3506760597229004,0.12404990196228027,0.47472596168518066
99,1557687123.398336,1557687122.986696,1557687123.424077,1557687122.934572,0.411639928817749,0.0778651237487793,0.4895050525665283
100,1557687124.373181,1557687123.997978,1557687124.397778,1557687123.949423,0.37520313262939453,0.07315182685852051,0.44835495948791504
101,1557687125.373307,1557687125.008118,1557687125.398316,1557687124.96529,0.3651890754699707,0.06783676147460938,0.4330258369445801
102,1557687126.420164,1557687126.0234199,1557687126.447139,1557687125.9804802,0.3967442512512207,0.06991457939147949,0.4666588306427002
103,1557687127.397676,1557687127.038608,1557687127.421558,1557687126.995112,0.3590679168701172,0.06737804412841797,0.42644596099853516
104,1557687128.401232,1557687128.054843,1557687128.432241,1557687128.0098631,0.3463890552520752,0.07598876953125,0.4223778247833252
105,1557687129.46364,1557687129.064867,1557687129.4916039,1557687129.023802,0.3987729549407959,0.06902885437011719,0.4678018093109131
106,1557687130.453616,1557687130.0891562,1557687130.478142,1557687130.0378811,0.364459753036499,0.07580113410949707,0.4402608871459961
107,1557687131.453266,1557687131.1072712,1557687131.482941,1557687131.055575,0.3459947109222412,0.08137130737304688,0.4273660182952881
108,1557687132.520807,1557687132.119294,1557687132.720964,1557687132.073923,0.40151309967041016,0.2455277442932129,0.647040843963623
109,1557687133.660968,1557687133.299829,1557687133.6899369,1557687133.0900462,0.36113905906677246,0.23875164985656738,0.5998907089233398
110,1557687134.505506,1557687134.162209,1557687134.534595,1557687134.108233,0.34329700469970703,0.08306503295898438,0.4263620376586914
111,1557687135.559176,1557687135.198399,1557687135.591231,1557687135.1253688,0.3607769012451172,0.10508537292480469,0.4658622741699219
112,1557687136.551613,1557687136.186079,1557687136.5799391,1557687136.144139,0.36553406715393066,0.0702660083770752,0.43580007553100586
113,1557687137.596208,1557687137.202385,1557687137.625746,1557687137.160445,0.39382314682006836,0.07147789001464844,0.4653010368347168
114,1557687138.584058,1557687138.2197971,1557687138.6154711,1557687138.1775289,0.3642609119415283,0.07368135452270508,0.4379422664642334
115,1557687139.5846481,1557687139.238952,1557687139.613647,1557687139.195642,0.34569621086120605,0.07230877876281738,0.41800498962402344
116,1557687140.6467712,1557687140.254869,1557687140.678272,1557687140.2125108,0.39190220832824707,0.07385897636413574,0.4657611846923828
117,1557687141.620795,1557687141.276175,1557687141.6497471,1557687141.228986,0.3446199893951416,0.0761411190032959,0.4207611083984375
118,1557687142.6899269,1557687142.287804,1557687142.721914,1557687142.2475722,0.40212297439575195,0.0722188949584961,0.47434186935424805
119,1557687143.7018301,1557687143.304766,1557687143.792208,1557687143.2636461,0.397064208984375,0.13149762153625488,0.5285618305206299
120,1557687144.690813,1557687144.326556,1557687144.7214801,1557687144.28073,0.3642570972442627,0.0764930248260498,0.4407501220703125
121,1557687145.6906881,1557687145.339673,1557687145.7199259,1557687145.298408,0.3510150909423828,0.07050275802612305,0.42151784896850586
122,1557687146.774061,1557687146.360026,1557687146.801035,1557687146.313288,0.4140350818634033,0.07371187210083008,0.4877469539642334
123,1557687147.7266731,1557687147.3772,1557687147.7573302,1557687147.3320699,0.349473237991333,0.07578706741333008,0.4252603054046631
124,1557687148.7972429,1557687148.3972821,1557687148.831878,1557687148.3486462,0.3999607563018799,0.08327102661132812,0.483231782913208
125,1557687149.820415,1557687149.4184618,1557687149.849078,1557687149.365969,0.40195322036743164,0.08115577697753906,0.4831089973449707
126,1557687150.792917,1557687150.428079,1557687150.822677,1557687150.3796651,0.3648381233215332,0.07817363739013672,0.4430117607116699
127,1557687151.837605,1557687151.438361,1557687151.865233,1557687151.39519,0.3992440700531006,0.07079887390136719,0.4700429439544678
128,1557687152.864657,1557687152.4649,1557687152.8981519,1557687152.417305,0.39975690841674805,0.08108997344970703,0.4808468818664551
129,1557687153.845104,1557687153.474081,1557687153.886639,1557687153.432478,0.37102293968200684,0.08313822746276855,0.4541611671447754
130,1557687154.93134,1557687154.505563,1557687154.957596,1557687154.448366,0.42577695846557617,0.08345317840576172,0.5092301368713379
131,1557687155.863743,1557687155.512132,1557687155.892302,1557687155.463436,0.3516111373901367,0.0772550106048584,0.4288661479949951
132,1557687156.879817,1557687156.532589,1557687157.003584,1557687156.4808269,0.3472280502319336,0.17552900314331055,0.5227570533752441
133,1557687157.935979,1557687157.5460289,1557687157.9639401,1557687157.496886,0.3899500370025635,0.07710409164428711,0.4670541286468506
134,1557687158.9063401,1557687158.5596552,1557687158.935943,1557687158.514771,0.34668493270874023,0.07448697090148926,0.4211719036102295
135,1557687159.945952,1557687159.578488,1557687159.976532,1557687159.532076,0.3674638271331787,0.07699227333068848,0.4444561004638672
136,1557687160.995582,1557687160.605174,1557687161.025034,1557687160.549439,0.3904080390930176,0.08518695831298828,0.47559499740600586
137,1557687161.956067,1557687161.6109529,1557687161.9926472,1557687161.564213,0.34511423110961914,0.08331990242004395,0.4284341335296631
138,1557687162.972547,1557687162.627949,1557687162.999706,1557687162.5809019,0.34459805488586426,0.07420611381530762,0.4188041687011719
139,1557687164.052245,1557687163.649807,1557687164.084166,1557687163.598711,0.4024379253387451,0.08301711082458496,0.4854550361633301
140,1557687165.005802,1557687164.6589382,1557687165.034918,1557687164.615692,0.3468637466430664,0.07236242294311523,0.41922616958618164
141,1557687166.0712981,1557687165.681766,1557687166.108059,1557687165.63474,0.38953208923339844,0.0837867259979248,0.47331881523132324
142,1557687167.0922759,1557687166.701261,1557687167.120919,1557687166.6503859,0.39101481437683105,0.07951831817626953,0.4705331325531006
143,1557687168.093174,1557687167.7217689,1557687168.161119,1557687167.66526,0.37140512466430664,0.12445378303527832,0.49585890769958496
144,1557687169.091183,1557687168.7449381,1557687169.12934,1557687168.678261,0.34624481201171875,0.10483407974243164,0.4510788917541504
145,1557687170.339653,1557687169.928426,1557687170.507686,1557687169.6945028,0.4112269878387451,0.40195608139038086,0.813183069229126
146,1557687171.214205,1557687170.870301,1557687171.372711,1557687170.712334,0.3439040184020996,0.31647300720214844,0.660377025604248
147,1557687172.295089,1557687171.900362,1557687172.4246788,1557687171.730181,0.3947269916534424,0.2997708320617676,0.69449782371521
148,1557687173.3312788,1557687172.937454,1557687173.359369,1557687172.749789,0.39382481575012207,0.21575522422790527,0.6095800399780273
149,1557687174.169822,1557687173.82554,1557687174.200059,1557687173.766307,0.3442819118499756,0.08946990966796875,0.43375182151794434
150,1557687175.270725,1557687174.8318481,1557687175.302043,1557687174.783627,0.4388768672943115,0.07953906059265137,0.5184159278869629
151,1557687176.23817,1557687175.8460732,1557687176.27218,1557687175.7999039,0.39209675788879395,0.08017945289611816,0.4722762107849121
152,1557687177.221399,1557687176.875342,1557687177.252858,1557687176.817594,0.3460571765899658,0.08920669555664062,0.43526387214660645
153,1557687178.3134289,1557687177.896559,1557687178.346138,1557687177.835809,0.4168698787689209,0.0934591293334961,0.510329008102417
154,1557687179.2852461,1557687178.910567,1557687179.318022,1557687178.853174,0.3746790885925293,0.09016895294189453,0.46484804153442383
155,1557687180.267323,1557687179.922565,1557687180.29675,1557687179.871193,0.3447580337524414,0.08079910278320312,0.42555713653564453
156,1557687181.348909,1557687180.937164,1557687181.37465,1557687180.891312,0.4117448329925537,0.0715932846069336,0.4833381175994873
157,1557687182.300806,1557687181.950889,1557687182.337558,1557687181.908886,0.349916934967041,0.07875514030456543,0.42867207527160645
158,1557687183.321948,1557687182.972747,1557687183.351853,1557687182.925316,0.349200963973999,0.07733583450317383,0.42653679847717285
159,1557687184.390811,1557687183.9938,1557687184.420906,1557687183.941552,0.39701104164123535,0.08234310150146484,0.4793541431427002
160,1557687185.3521972,1557687185.006965,1557687185.382444,1557687184.960487,0.3452322483062744,0.07672476768493652,0.42195701599121094
161,1557687186.370553,1557687186.0231311,1557687186.399276,1557687185.977715,0.34742188453674316,0.07413911819458008,0.42156100273132324
162,1557687187.438578,1557687187.040071,1557687187.510525,1557687186.993747,0.39850687980651855,0.1182711124420166,0.5167779922485352
163,1557687188.403106,1557687188.0565472,1557687188.429188,1557687188.011819,0.3465588092803955,0.07081031799316406,0.41736912727355957
164,1557687189.471198,1557687189.0731769,1557687189.499881,1557687189.027664,0.39802122116088867,0.07419586181640625,0.4722170829772949
165,1557687190.4944491,1557687190.094531,1557687190.524807,1557687190.045398,0.3999180793762207,0.07949090003967285,0.47940897941589355
166,1557687191.485163,1557687191.1143231,1557687191.5151482,1557687191.063852,0.37083983421325684,0.08045625686645508,0.4512960910797119
167,1557687192.533513,1557687192.135149,1557687192.609139,1557687192.0802698,0.3983640670776367,0.13050508499145508,0.5288691520690918
168,1557687193.701887,1557687193.293053,1557687193.731807,1557687193.097191,0.40883398056030273,0.22578191757202148,0.6346158981323242
169,1557687194.540947,1557687194.176372,1557687194.5704598,1557687194.1133142,0.3645749092102051,0.09257078170776367,0.45714569091796875
170,1557687195.523698,1557687195.174307,1557687195.552376,1557687195.131775,0.34939098358154297,0.07121014595031738,0.42060112953186035
171,1557687196.622542,1557687196.204536,1557687196.6516788,1557687196.148062,0.41800594329833984,0.08561086654663086,0.5036168098449707
172,1557687197.554423,1557687197.209019,1557687197.5849369,1557687197.16525,0.34540414810180664,0.07428264617919922,0.41968679428100586
173,1557687198.620574,1557687198.226909,1557687198.680692,1557687198.182627,0.393665075302124,0.1043999195098877,0.4980649948120117
174,1557687199.6487632,1557687199.2507071,1557687199.6820278,1557687199.200954,0.3980560302734375,0.08301782608032227,0.48107385635375977
175,1557687200.606435,1557687200.261499,1557687200.6343641,1557687200.217982,0.3449361324310303,0.07144594192504883,0.4163820743560791
176,1557687201.702585,1557687201.277392,1557687201.73206,1557687201.23562,0.42519307136535645,0.07124686241149902,0.49643993377685547
177,1557687202.697323,1557687202.298873,1557687202.728063,1557687202.253335,0.3984501361846924,0.0762779712677002,0.4747281074523926
178,1557687203.659868,1557687203.309201,1557687203.689952,1557687203.2674859,0.35066699981689453,0.07179903984069824,0.4224660396575928
179,1557687204.7190518,1557687204.3280401,1557687204.75005,1557687204.285455,0.39101171493530273,0.07358336448669434,0.46459507942199707
180,1557687205.760426,1557687205.3608189,1557687205.791929,1557687205.302797,0.39960718154907227,0.08952474594116211,0.4891319274902344
181,1557687206.75261,1557687206.365378,1557687206.783165,1557687206.317338,0.38723206520080566,0.07859492301940918,0.46582698822021484
182,1557687207.779133,1557687207.378476,1557687207.808312,1557687207.334967,0.40065717697143555,0.07268786430358887,0.4733450412750244
183,1557687208.7854939,1557687208.3957212,1557687208.815108,1557687208.3504221,0.3897726535797119,0.07491326332092285,0.46468591690063477
184,1557687209.7555141,1557687209.410311,1557687209.790392,1557687209.366677,0.345203161239624,0.07851171493530273,0.42371487617492676
185,1557687210.847519,1557687210.439852,1557687210.959508,1557687210.386871,0.4076669216156006,0.16496992111206055,0.5726368427276611
186,1557687211.853589,1557687211.46488,1557687211.981704,1557687211.404372,0.38870906829833984,0.18862295150756836,0.5773320198059082
187,1557687212.822804,1557687212.472494,1557687212.851276,1557687212.421735,0.3503100872039795,0.07923078536987305,0.42954087257385254
188,1557687213.881443,1557687213.4822268,1557687213.909662,1557687213.439742,0.3992161750793457,0.07070374488830566,0.46991991996765137
189,1557687214.939962,1557687214.519295,1557687214.967628,1557687214.4590368,0.4206669330596924,0.08792424201965332,0.5085911750793457
190,1557687215.870106,1557687215.524479,1557687215.899702,1557687215.4750881,0.3456270694732666,0.07898688316345215,0.42461395263671875
191,1557687216.969433,1557687216.54038,1557687217.002694,1557687216.49362,0.42905306816101074,0.08002090454101562,0.5090739727020264
192,1557687217.9050019,1557687217.560321,1557687217.934074,1557687217.51142,0.3446807861328125,0.0779731273651123,0.4226539134979248
193,1557687218.927245,1557687218.581367,1557687218.957014,1557687218.53028,0.34587788581848145,0.0808560848236084,0.42673397064208984
194,1557687219.999354,1557687219.600239,1557687220.031175,1557687219.54913,0.39911484718322754,0.08293008804321289,0.48204493522644043
195,1557687220.9614198,1557687220.6118948,1557687220.990187,1557687220.567461,0.34952497482299805,0.07320094108581543,0.4227259159088135
196,1557687222.003971,1557687221.640989,1557687222.032771,1557687221.587997,0.36298203468322754,0.08179211616516113,0.44477415084838867
197,1557687223.048481,1557687222.654578,1557687223.144346,1557687222.6031358,0.3939030170440674,0.1473071575164795,0.5412101745605469
198,1557687224.037483,1557687223.6921349,1557687224.174003,1557687223.621693,0.3453481197357178,0.20696187019348145,0.5523099899291992
199,1557687225.08862,1557687224.686759,1557687225.116282,1557687224.6404212,0.40186095237731934,0.07399988174438477,0.4758608341217041
200,1557687226.050167,1557687225.701495,1557687226.0785868,1557687225.656498,0.34867215156555176,0.07341670989990234,0.4220888614654541
201,1557687227.062027,1557687226.715107,1557687227.0923321,1557687226.670486,0.3469200134277344,0.07492613792419434,0.4218461513519287
202,1557687228.143086,1557687227.726287,1557687228.171666,1557687227.685061,0.41679906845092773,0.06980586051940918,0.4866049289703369
203,1557687229.14839,1557687228.750765,1557687229.1806211,1557687228.702499,0.3976249694824219,0.08049726486206055,0.4781222343444824
204,1557687230.1392019,1557687229.767648,1557687230.163423,1557687229.7178562,0.371553897857666,0.07401299476623535,0.44556689262390137
205,1557687231.289985,1557687230.87569,1557687231.452304,1557687230.7363539,0.414294958114624,0.3016550540924072,0.7159500122070312
206,1557687232.3625278,1557687231.97762,1557687232.512289,1557687231.755207,0.38490796089172363,0.3721740245819092,0.7570819854736328
207,1557687233.243158,1557687232.875688,1557687233.371876,1557687232.773847,0.36747002601623535,0.2305588722229004,0.5980288982391357
208,1557687234.333834,1557687233.94016,1557687234.3626661,1557687233.7892618,0.3936738967895508,0.17973041534423828,0.5734043121337891
209,1557687235.248674,1557687234.8517652,1557687235.287893,1557687234.808094,0.3969087600708008,0.08289027214050293,0.4797990322113037
210,1557687236.238125,1557687235.872678,1557687236.267342,1557687235.8251212,0.3654470443725586,0.07677388191223145,0.44222092628479004
211,1557687237.240421,1557687236.8970141,1557687237.27102,1557687236.843192,0.34340691566467285,0.08442091941833496,0.4278278350830078
212,1557687238.3195179,1557687237.905408,1557687238.345724,1557687237.861317,0.4141099452972412,0.0702972412109375,0.4844071865081787
213,1557687239.286394,1557687238.914677,1557687239.312138,1557687238.875393,0.3717169761657715,0.06502819061279297,0.43674516677856445
214,1557687240.282697,1557687239.9334311,1557687240.3107312,1557687239.890273,0.34926581382751465,0.07119226455688477,0.4204580783843994
215,1557687241.352993,1557687240.9550529,1557687241.37867,1557687240.9051518,0.39794015884399414,0.07557797431945801,0.47351813316345215
216,1557687242.335829,1557687241.960259,1557687242.359988,1557687241.91888,0.37557005882263184,0.06553792953491211,0.44110798835754395
217,1557687243.330761,1557687242.973944,1557687243.359035,1557687242.933723,0.35681700706481934,0.06849503517150879,0.4253120422363281
218,1557687244.3844528,1557687243.989229,1557687244.4486551,1557687243.947126,0.39522385597229004,0.10630536079406738,0.5015292167663574
219,1557687245.3893812,1557687245.021747,1557687245.424899,1557687244.962308,0.3676340579986572,0.09495711326599121,0.46259117126464844
220,1557687246.381186,1557687246.033647,1557687246.4993289,1557687245.97665,0.34753894805908203,0.1751399040222168,0.5226788520812988
221,1557687247.4433448,1557687247.036829,1557687247.468709,1557687246.9927142,0.40651583671569824,0.06947898864746094,0.4759948253631592
222,1557687248.423342,1557687248.0507221,1557687248.449665,1557687248.007589,0.3726198673248291,0.06945610046386719,0.4420759677886963
223,1557687249.436643,1557687249.070878,1557687249.467516,1557687249.0224311,0.365764856338501,0.07931995391845703,0.445084810256958
224,1557687250.485143,1557687250.077833,1557687250.5109339,1557687250.035769,0.40731000900268555,0.0678548812866211,0.47516489028930664
225,1557687251.456531,1557687251.092991,1557687251.4838,1557687251.0519538,0.3635399341583252,0.06830620765686035,0.43184614181518555
226,1557687252.457728,1557687252.113252,1557687252.483034,1557687252.064917,0.34447598457336426,0.07364082336425781,0.41811680793762207
227,1557687253.686224,1557687253.304321,1557687253.712136,1557687253.079199,0.38190293312072754,0.2510340213775635,0.632936954498291
228,1557687254.517766,1557687254.153001,1557687254.544134,1557687254.094095,0.364764928817749,0.08527398109436035,0.4500389099121094
229,1557687255.500858,1557687255.154142,1557687255.528815,1557687255.108599,0.34671616554260254,0.07349991798400879,0.42021608352661133
230,1557687256.571619,1557687256.168978,1557687256.597084,1557687256.122391,0.40264105796813965,0.072052001953125,0.47469305992126465
231,1557687257.53968,1557687257.177774,1557687257.566195,1557687257.1363142,0.3619060516357422,0.06797480583190918,0.42988085746765137
232,1557687258.5926142,1557687258.200227,1557687258.6194131,1557687258.150407,0.39238715171813965,0.07661890983581543,0.4690060615539551
233,1557687259.59944,1557687259.207419,1557687259.626103,1557687259.16364,0.39202117919921875,0.07044172286987305,0.4624629020690918
234,1557687260.590393,1557687260.218398,1557687260.61934,1557687260.178176,0.3719949722290039,0.0691690444946289,0.4411640167236328
235,1557687261.605176,1557687261.237167,1557687261.635484,1557687261.1920211,0.368009090423584,0.0754537582397461,0.4434628486633301
236,1557687262.639742,1557687262.244805,1557687262.66817,1557687262.20685,0.39493680000305176,0.06638312339782715,0.4613199234008789
237,1557687263.620262,1557687263.268958,1557687263.645822,1557687263.221658,0.3513038158416748,0.0728602409362793,0.4241640567779541
238,1557687264.630519,1557687264.282037,1557687264.657719,1557687264.235063,0.3484818935394287,0.0741739273071289,0.4226558208465576
239,1557687265.684708,1557687265.292527,1557687265.710668,1557687265.2532759,0.3921811580657959,0.06521105766296387,0.45739221572875977
240,1557687266.661275,1557687266.305949,1557687266.688885,1557687266.2684731,0.35532593727111816,0.06508588790893555,0.4204118251800537
241,1557687267.718725,1557687267.32235,1557687267.744476,1557687267.28317,0.3963749408721924,0.06493115425109863,0.461306095123291
242,1557687268.738967,1557687268.342643,1557687268.767146,1557687268.298754,0.39632391929626465,0.0720682144165039,0.46839213371276855
243,1557687269.70541,1557687269.35546,1557687269.733118,1557687269.313076,0.34995007514953613,0.07009196281433105,0.4200420379638672
244,1557687270.721806,1557687270.370389,1557687270.758076,1557687270.326616,0.35141706466674805,0.08004283905029297,0.431459903717041
245,1557687271.785232,1557687271.381982,1557687271.811009,1557687271.3417132,0.40324997901916504,0.06604576110839844,0.4692957401275635
246,1557687272.750726,1557687272.3964438,1557687272.7771769,1557687272.354482,0.3542821407318115,0.06841278076171875,0.4226949214935303
247,1557687273.753448,1557687273.4092429,1557687273.831065,1557687273.3687599,0.3442051410675049,0.11809992790222168,0.46230506896972656
248,1557687274.849279,1557687274.4559891,1557687274.876116,1557687274.3839,0.39328980445861816,0.09892630577087402,0.4922161102294922
249,1557687275.7941618,1557687275.446327,1557687275.83008,1557687275.398252,0.34783482551574707,0.08399319648742676,0.43182802200317383
250,1557687276.8808491,1557687276.461762,1557687276.907085,1557687276.412942,0.41908717155456543,0.07505583763122559,0.494143009185791
251,1557687277.843374,1557687277.468696,1557687277.871263,1557687277.4269538,0.3746778964996338,0.06963133811950684,0.4443092346191406
252,1557687278.833109,1557687278.483392,1557687278.8603039,1557687278.441297,0.3497169017791748,0.0692899227142334,0.4190068244934082
253,1557687279.9119651,1557687279.496454,1557687279.9374778,1557687279.45489,0.4155111312866211,0.0670766830444336,0.4825878143310547
254,1557687280.898025,1557687280.514857,1557687280.926914,1557687280.468077,0.38316798210144043,0.0756690502166748,0.45883703231811523
255,1557687281.872872,1557687281.522305,1557687281.898646,1557687281.483435,0.350567102432251,0.06464409828186035,0.41521120071411133
256,1557687282.941016,1557687282.546553,1557687282.9691381,1557687282.498557,0.39446306228637695,0.07611799240112305,0.4705810546875
257,1557687283.906667,1557687283.556711,1557687283.932255,1557687283.513437,0.34995603561401367,0.0688619613647461,0.41881799697875977
258,1557687284.91604,1557687284.565689,1557687284.995388,1557687284.525729,0.35035085678100586,0.1193082332611084,0.46965909004211426
259,1557687285.99488,1557687285.590697,1557687286.020125,1557687285.54024,0.40418291091918945,0.07570195198059082,0.4798848628997803
260,1557687286.949873,1557687286.60007,1557687286.978125,1557687286.554414,0.34980297088623047,0.07390809059143066,0.42371106147766113
261,1557687287.962134,1557687287.613291,1557687287.988242,1557687287.56829,0.3488428592681885,0.07110905647277832,0.4199519157409668
262,1557687289.0186481,1557687288.620958,1557687289.0460858,1557687288.5839179,0.3976900577545166,0.06447792053222656,0.46216797828674316
263,1557687289.984428,1557687289.636199,1557687290.011436,1557687289.597468,0.34822893142700195,0.06573915481567383,0.4139680862426758
264,1557687291.098957,1557687290.651207,1557687291.126699,1557687290.611313,0.4477500915527344,0.06763577461242676,0.5153858661651611
265,1557687292.060265,1557687291.694505,1557687292.1215222,1557687291.625241,0.36576008796691895,0.13052105903625488,0.49628114700317383
266,1557687293.384591,1557687292.988041,1557687293.522659,1557687292.640636,0.39655017852783203,0.4854729175567627,0.8820230960845947
267,1557687294.219958,1557687293.8690279,1557687294.248653,1557687293.655556,0.35093021392822266,0.24216675758361816,0.5930969715118408
268,1557687295.2523859,1557687294.907702,1557687295.277462,1557687294.6692722,0.3446838855743408,0.2635059356689453,0.6081898212432861
269,1557687296.082225,1557687295.728158,1557687296.107834,1557687295.683404,0.3540670871734619,0.07036304473876953,0.42443013191223145
270,1557687297.149374,1557687296.75461,1557687297.177682,1557687296.694914,0.3947639465332031,0.08800387382507324,0.48276782035827637
271,1557687298.1037712,1557687297.752831,1557687298.128942,1557687297.707549,0.3509402275085449,0.07045269012451172,0.42139291763305664
272,1557687299.110582,1557687298.758446,1557687299.137251,1557687298.7219028,0.35213613510131836,0.06321191787719727,0.4153480529785156
273,1557687300.174912,1557687299.771261,1557687300.199609,1557687299.73646,0.40365099906921387,0.05949807167053223,0.4631490707397461
274,1557687301.18193,1557687300.799814,1557687301.208669,1557687300.7517211,0.38211607933044434,0.07483172416687012,0.45694780349731445
275,1557687302.188057,1557687301.816244,1557687302.215529,1557687301.767491,0.3718130588531494,0.07622480392456055,0.44803786277770996
276,1557687303.2227051,1557687302.831056,1557687303.248522,1557687302.784353,0.3916490077972412,0.07252001762390137,0.4641690254211426
277,1557687304.194908,1557687303.8435788,1557687304.219348,1557687303.7975788,0.35132908821105957,0.07044005393981934,0.4217691421508789
278,1557687305.200383,1557687304.849761,1557687305.270909,1557687304.8137891,0.35062193870544434,0.10649800300598145,0.4571199417114258
279,1557687306.274877,1557687305.882138,1557687306.30149,1557687305.826374,0.39273905754089355,0.08237695693969727,0.4751160144805908
280,1557687307.2303472,1557687306.878182,1557687307.25798,1557687306.839892,0.35216522216796875,0.06592297554016113,0.4180881977081299
281,1557687308.27486,1557687307.898814,1557687308.301202,1557687307.8533301,0.37604594230651855,0.07182598114013672,0.4478719234466553
282,1557687309.303912,1557687308.907505,1557687309.329108,1557687308.866738,0.396406888961792,0.0659630298614502,0.4623699188232422
283,1557687310.273208,1557687309.9253259,1557687310.300011,1557687309.8828142,0.3478820323944092,0.06931471824645996,0.41719675064086914
284,1557687311.33584,1557687310.939867,1557687311.360978,1557687310.897057,0.39597296714782715,0.0679478645324707,0.46392083168029785
285,1557687312.356643,1557687311.957499,1557687312.3831198,1557687311.909683,0.39914393424987793,0.07429289817810059,0.4734368324279785
286,1557687313.527261,1557687313.153234,1557687313.554358,1557687312.921936,0.3740270137786865,0.2583949565887451,0.6324219703674316
287,1557687314.335486,1557687313.990995,1557687314.3625698,1557687313.935439,0.34449100494384766,0.08263969421386719,0.42713069915771484
288,1557687315.4017081,1557687315.00102,1557687315.426717,1557687314.948495,0.40068817138671875,0.07753396034240723,0.478222131729126
289,1557687316.348167,1557687316.002203,1557687316.373814,1557687315.958759,0.3459639549255371,0.0690910816192627,0.4150550365447998
290,1557687317.418403,1557687317.021459,1557687317.4438028,1557687316.97034,0.3969438076019287,0.07651901245117188,0.4734628200531006
291,1557687318.4195821,1557687318.0260339,1557687318.445676,1557687317.984723,0.39354825019836426,0.06740474700927734,0.4609529972076416
292,1557687319.382968,1557687319.03752,1557687319.40655,1557687318.9969811,0.34544801712036133,0.06412076950073242,0.40956878662109375
293,1557687320.394432,1557687320.051626,1557687320.41959,1557687320.011627,0.3428061008453369,0.06515693664550781,0.4079630374908447
294,1557687321.4602199,1557687321.066559,1557687321.487163,1557687321.0263731,0.3936607837677002,0.06712913513183594,0.46078991889953613
295,1557687322.44324,1557687322.090533,1557687322.472316,1557687322.039927,0.3527069091796875,0.0796821117401123,0.4323890209197998
296,1557687323.479886,1557687323.095202,1557687323.605021,1557687323.054863,0.38468408584594727,0.16547393798828125,0.5501580238342285
297,1557687324.514968,1557687324.110697,1557687324.541647,1557687324.066268,0.40427088737487793,0.07110810279846191,0.47537899017333984
298,1557687325.4628038,1557687325.1135411,1557687325.48813,1557687325.076568,0.34926271438598633,0.062299489974975586,0.4115622043609619
299,1557687326.4698539,1557687326.12271,1557687326.4983609,1557687326.085715,0.34714388847351074,0.06550192832946777,0.4126458168029785
300,1557687327.572789,1557687327.153556,1557687327.60734,1557687327.096005,0.4192328453063965,0.0921022891998291,0.5113351345062256
301,1557687328.504764,1557687328.158127,1557687328.530067,1557687328.112247,0.3466370105743408,0.0711829662322998,0.4178199768066406
302,1557687329.512448,1557687329.168966,1557687329.538702,1557687329.127793,0.34348201751708984,0.06742691993713379,0.41090893745422363
303,1557687330.572164,1557687330.177707,1557687330.596792,1557687330.142857,0.3944571018218994,0.059477806091308594,0.453934907913208
304,1557687331.549186,1557687331.201186,1557687331.574986,1557687331.155251,0.34800004959106445,0.07173490524291992,0.4197349548339844
305,1557687332.6489902,1557687332.2272902,1557687332.676094,1557687332.167896,0.42170000076293945,0.08649802207946777,0.5081980228424072
306,1557687333.5922,1557687333.2459211,1557687333.614949,1557687333.182923,0.3462789058685303,0.08574700355529785,0.4320259094238281
307,1557687334.597928,1557687334.251549,1557687334.622951,1557687334.196966,0.34637904167175293,0.0796060562133789,0.42598509788513184
308,1557687335.641125,1557687335.247032,1557687335.783822,1557687335.211816,0.39409303665161133,0.17791295051574707,0.5720059871673584
309,1557687336.6201599,1557687336.2710721,1557687336.6476789,1557687336.225304,0.3490877151489258,0.0732872486114502,0.422374963760376
310,1557687337.623035,1557687337.2783349,1557687337.649851,1557687337.2386491,0.3447000980377197,0.06650185585021973,0.41120195388793945
311,1557687338.7085,1557687338.29253,1557687338.733049,1557687338.2530038,0.4159698486328125,0.06407523155212402,0.4800450801849365
312,1557687339.6933641,1557687339.304479,1557687339.7207608,1557687339.266479,0.3888852596282959,0.06539654731750488,0.4542818069458008
313,1557687340.712293,1557687340.334795,1557687340.739033,1557687340.281863,0.37749791145324707,0.07967209815979004,0.4571700096130371
314,1557687341.764966,1557687341.343846,1557687341.787415,1557687341.2961972,0.42111992835998535,0.0700979232788086,0.49121785163879395
315,1557687342.769285,1557687342.406076,1557687342.79789,1557687342.309282,0.3632090091705322,0.12539887428283691,0.48860788345336914
316,1557687343.73931,1557687343.370408,1557687343.7654731,1557687343.323738,0.36890196800231934,0.07283306121826172,0.44173502922058105
317,1557687344.732213,1557687344.38206,1557687344.758849,1557687344.338053,0.35015296936035156,0.07064294815063477,0.42079591751098633
318,1557687345.774678,1557687345.399618,1557687345.800715,1557687345.354039,0.3750600814819336,0.07161593437194824,0.44667601585388184
319,1557687346.8032598,1557687346.407845,1557687346.829434,1557687346.3678038,0.3954148292541504,0.06621527671813965,0.46163010597229004
320,1557687347.7723598,1557687347.421139,1557687347.79829,1557687347.382253,0.35122084617614746,0.06481623649597168,0.41603708267211914
321,1557687348.8495631,1557687348.439208,1557687348.877424,1557687348.3954651,0.4103550910949707,0.07160377502441406,0.48195886611938477
322,1557687349.7938,1557687349.447275,1557687349.8203769,1557687349.409258,0.3465251922607422,0.06459379196166992,0.4111189842224121
323,1557687350.825734,1557687350.47628,1557687350.851786,1557687350.423855,0.3494539260864258,0.0784769058227539,0.4279308319091797
324,1557687351.909792,1557687351.488286,1557687351.9348211,1557687351.438847,0.4215059280395508,0.07446813583374023,0.495974063873291
325,1557687352.928407,1557687352.578516,1557687353.053838,1557687352.454695,0.34989094734191895,0.2492520809173584,0.5991430282592773
326,1557687354.17937,1557687353.739415,1557687354.241924,1557687353.470784,0.4399549961090088,0.33118510246276855,0.7711400985717773
327,1557687355.130958,1557687354.77895,1557687355.2712631,1557687354.485296,0.3520081043243408,0.4339590072631836,0.7859671115875244
328,1557687356.146153,1557687355.800281,1557687356.172379,1557687355.4998071,0.3458719253540039,0.32669997215270996,0.6725718975067139
329,1557687356.935627,1557687356.56031,1557687356.962684,1557687356.513579,0.3753170967102051,0.07378792762756348,0.44910502433776855
330,1557687357.980596,1557687357.566567,1557687358.00782,1557687357.5268948,0.4140291213989258,0.06689596176147461,0.4809250831604004
331,1557687358.940645,1557687358.5891151,1557687358.968106,1557687358.5425198,0.3515298366546631,0.07405638694763184,0.4255862236022949
332,1557687359.951736,1557687359.59531,1557687359.979418,1557687359.556326,0.3564260005950928,0.0666661262512207,0.4230921268463135
333,1557687361.014225,1557687360.613722,1557687361.041305,1557687360.5700052,0.40050292015075684,0.07079696655273438,0.4712998867034912
334,1557687361.97928,1557687361.630534,1557687362.00651,1557687361.585409,0.34874606132507324,0.07235503196716309,0.42110109329223633
335,1557687363.0248241,1557687362.6559038,1557687363.049501,1557687362.5999632,0.36892032623291016,0.08061742782592773,0.4495377540588379
336,1557687364.059953,1557687363.660757,1557687364.089053,1557687363.6154609,0.39919590950012207,0.07439613342285156,0.47359204292297363
337,1557687365.033725,1557687364.667204,1557687365.059692,1557687364.629332,0.36652112007141113,0.06383872032165527,0.4303598403930664
338,1557687366.082887,1557687365.686507,1557687366.198549,1557687365.644373,0.3963799476623535,0.15779614448547363,0.5541760921478271
339,1557687367.09021,1557687366.6954231,1557687367.117024,1557687366.658848,0.3947868347167969,0.06338906288146973,0.4581758975982666
340,1557687368.0673509,1557687367.7225401,1557687368.0922759,1557687367.6729481,0.34481072425842285,0.07451701164245605,0.4193277359008789
341,1557687369.150489,1557687368.729131,1557687369.179064,1557687368.687512,0.4213581085205078,0.07019400596618652,0.49155211448669434
342,1557687370.090291,1557687369.741224,1557687370.1151538,1557687369.702633,0.34906697273254395,0.06345391273498535,0.4125208854675293
343,1557687371.099603,1557687370.755367,1557687371.124054,1557687370.715878,0.344235897064209,0.06394004821777344,0.4081759452819824
344,1557687372.1663,1557687371.7668462,1557687372.191647,1557687371.729592,0.39945387840270996,0.06260108947753906,0.462054967880249
345,1557687373.3252869,1557687372.898902,1557687373.367249,1557687372.744234,0.42638492584228516,0.19663000106811523,0.6230149269104004
346,1557687374.1604948,1557687373.811922,1557687374.187185,1557687373.754276,0.3485727310180664,0.0843362808227539,0.4329090118408203
347,1557687375.1801481,1557687374.8120131,1557687375.2122538,1557687374.7692919,0.3681349754333496,0.07482695579528809,0.4429619312286377
348,1557687376.230331,1557687375.8377259,1557687376.25658,1557687375.7838821,0.3926050662994385,0.0800929069519043,0.4726979732513428
349,1557687377.2218962,1557687376.853778,1557687377.368543,1557687376.79763,0.3681182861328125,0.20279455184936523,0.5709128379821777
350,1557687378.2195392,1557687377.849955,1557687378.260527,1557687377.811773,0.3695840835571289,0.07916975021362305,0.44875383377075195
351,1557687379.280401,1557687378.8741472,1557687379.3069491,1557687378.8271232,0.4062538146972656,0.07357215881347656,0.4798259735107422
352,1557687380.2269778,1557687379.878629,1557687380.254394,1557687379.841403,0.34834885597229004,0.06464219093322754,0.4129910469055176
353,1557687381.237173,1557687380.892775,1557687381.264542,1557687380.85483,0.34439802169799805,0.06531405448913574,0.4097120761871338
354,1557687382.309823,1557687381.915634,1557687382.335793,1557687381.8705962,0.39418911933898926,0.07100772857666016,0.4651968479156494
355,1557687383.268273,1557687382.924115,1557687383.2970119,1557687382.885016,0.3441581726074219,0.06783771514892578,0.41199588775634766
356,1557687384.39334,1557687383.936896,1557687384.416895,1557687383.899395,0.45644402503967285,0.061055898666381836,0.5174999237060547
357,1557687385.352429,1557687384.959359,1557687385.378813,1557687384.912768,0.3930699825286865,0.07297515869140625,0.4660451412200928
358,1557687386.315167,1557687385.9721198,1557687386.340412,1557687385.928268,0.3430471420288086,0.06909680366516113,0.4121439456939697
359,1557687387.4270551,1557687386.9791882,1557687387.5269132,1557687386.940865,0.44786691665649414,0.13818120956420898,0.5860481262207031
360,1557687388.37357,1557687387.998483,1557687388.4108882,1557687387.953801,0.37508702278137207,0.0820002555847168,0.45708727836608887
361,1557687389.369758,1557687389.018098,1557687389.396201,1557687388.96874,0.35165977478027344,0.07580113410949707,0.4274609088897705
362,1557687390.427815,1557687390.0228539,1557687390.454504,1557687389.985155,0.40496110916137695,0.06438779830932617,0.4693489074707031
363,1557687391.380671,1557687391.034669,1557687391.406338,1557687390.997533,0.34600210189819336,0.06280279159545898,0.40880489349365234
364,1557687392.4101381,1557687392.056106,1557687392.435075,1557687392.009994,0.354032039642334,0.07104897499084473,0.4250810146331787
365,1557687393.4778562,1557687393.060865,1557687393.521805,1557687393.022361,0.4169912338256836,0.08245277404785156,0.49944400787353516
366,1557687394.4556198,1557687394.078976,1557687394.480541,1557687394.034017,0.3766438961029053,0.06988000869750977,0.44652390480041504
367,1557687395.4408019,1557687395.091112,1557687395.466106,1557687395.049855,0.34968996047973633,0.06656098365783691,0.41625094413757324
368,1557687396.522524,1557687396.1060581,1557687396.546059,1557687396.063271,0.41646599769592285,0.06632184982299805,0.4827878475189209
369,1557687397.4630759,1557687397.116264,1557687397.488415,1557687397.0768769,0.34681177139282227,0.06472635269165039,0.41153812408447266
370,1557687398.588964,1557687398.149653,1557687398.662802,1557687398.090959,0.43931102752685547,0.13253188133239746,0.5718429088592529
371,1557687399.530686,1557687399.164922,1557687399.584657,1557687399.106688,0.36576390266418457,0.11220502853393555,0.4779689311981201
372,1557687400.510514,1557687400.163902,1557687400.5413,1557687400.120481,0.34661197662353516,0.07420706748962402,0.4208190441131592
373,1557687401.57051,1557687401.180328,1557687401.596659,1557687401.136018,0.3901820182800293,0.07045888900756836,0.46064090728759766
374,1557687402.559759,1557687402.197134,1557687402.584565,1557687402.149424,0.3626248836517334,0.07251596450805664,0.43514084815979004
375,1557687403.5748599,1557687403.205536,1557687403.6010141,1557687403.161683,0.3693239688873291,0.0700070858001709,0.4393310546875
376,1557687404.619848,1557687404.227519,1557687404.6443439,1557687404.174231,0.39232897758483887,0.07778382301330566,0.47011280059814453
377,1557687405.597498,1557687405.231934,1557687405.620561,1557687405.188485,0.36556386947631836,0.0665121078491211,0.43207597732543945
378,1557687406.6441,1557687406.245653,1557687406.672074,1557687406.202745,0.39844703674316406,0.07088208198547363,0.4693291187286377
379,1557687407.656487,1557687407.2638972,1557687407.682577,1557687407.215672,0.392589807510376,0.07431507110595703,0.466904878616333
380,1557687408.634512,1557687408.268763,1557687408.655793,1557687408.230981,0.36574888229370117,0.059062957763671875,0.42481184005737305
381,1557687409.6791961,1557687409.290551,1557687409.709116,1557687409.242825,0.3886451721191406,0.07764577865600586,0.4662909507751465
382,1557687410.693723,1557687410.302533,1557687410.718961,1557687410.252949,0.3911900520324707,0.07482194900512695,0.46601200103759766
383,1557687411.669648,1557687411.3043401,1557687411.766975,1557687411.266722,0.3653078079223633,0.13494515419006348,0.5002529621124268
384,1557687412.682423,1557687412.318779,1557687412.708561,1557687412.2804348,0.3636441230773926,0.06448197364807129,0.42812609672546387
385,1557687413.741198,1557687413.329348,1557687413.7695029,1557687413.2913961,0.4118499755859375,0.06625676155090332,0.4781067371368408
386,1557687414.763824,1557687414.361929,1557687414.787939,1557687414.304433,0.40189504623413086,0.08161091804504395,0.4835059642791748
387,1557687415.744058,1557687415.360176,1557687415.837933,1557687415.318317,0.3838818073272705,0.13573431968688965,0.5196161270141602
388,1557687416.781718,1557687416.389441,1557687416.8957,1557687416.332349,0.3922770023345947,0.17107391357421875,0.5633509159088135
389,1557687417.810066,1557687417.4438741,1557687417.94016,1557687417.345964,0.3661918640136719,0.22800421714782715,0.594196081161499
390,1557687418.774309,1557687418.4090369,1557687418.803756,1557687418.359078,0.36527204513549805,0.0794060230255127,0.44467806816101074
391,1557687419.817493,1557687419.425387,1557687419.842813,1557687419.372562,0.3921060562133789,0.07814502716064453,0.47025108337402344
392,1557687420.7946029,1557687420.431456,1557687420.8204231,1557687420.385751,0.3631467819213867,0.07152533531188965,0.43467211723327637
393,1557687421.791107,1557687421.4451652,1557687421.8228948,1557687421.399874,0.34594178199768066,0.07707905769348145,0.4230208396911621
394,1557687422.854284,1557687422.460309,1557687422.881454,1557687422.413799,0.39397501945495605,0.07367992401123047,0.4676549434661865
395,1557687423.839838,1557687423.4702241,1557687423.866499,1557687423.4282038,0.3696138858795166,0.06868124008178711,0.4382951259613037
396,1557687424.831409,1557687424.487042,1557687424.864584,1557687424.441753,0.34436702728271484,0.07846403121948242,0.42283105850219727
397,1557687425.904431,1557687425.509811,1557687425.9322288,1557687425.456306,0.3946201801300049,0.08130264282226562,0.4759228229522705
398,1557687426.885212,1557687426.5171618,1557687426.91169,1557687426.472241,0.36805009841918945,0.07139897346496582,0.4394490718841553
399,1557687427.8882961,1557687427.525176,1557687427.912585,1557687427.4862869,0.36312007904052734,0.06317806243896484,0.4262981414794922
400,1557687428.9657,1557687428.566857,1557687429.068638,1557687428.4989939,0.39884281158447266,0.17080140113830566,0.5696442127227783
401,1557687429.930726,1557687429.557142,1557687429.9557528,1557687429.513281,0.3735840320587158,0.06888771057128906,0.4424717426300049
402,1557687430.933057,1557687430.568639,1557687430.963231,1557687430.529152,0.36441802978515625,0.06966114044189453,0.4340791702270508
403,1557687431.993728,1557687431.590019,1557687432.02021,1557687431.545779,0.40370893478393555,0.07072210311889648,0.47443103790283203
404,1557687433.00682,1557687432.635608,1557687433.032963,1557687432.558761,0.3712120056152344,0.10299015045166016,0.47420215606689453
405,1557687433.976046,1557687433.6152039,1557687434.00513,1557687433.570967,0.360842227935791,0.07332086563110352,0.43416309356689453
406,1557687435.02754,1557687434.627739,1557687435.054809,1557687434.585094,0.39980101585388184,0.06991410255432129,0.4697151184082031
407,1557687436.015779,1557687435.64629,1557687436.041013,1557687435.601632,0.3694889545440674,0.06989192962646484,0.4393808841705322
408,1557687437.0170062,1557687436.666431,1557687437.042561,1557687436.616272,0.35057520866394043,0.0757138729095459,0.42628908157348633
409,1557687438.081692,1557687437.680477,1557687438.110346,1557687437.629563,0.4012150764465332,0.07956790924072266,0.48078298568725586
410,1557687439.068339,1557687438.696183,1557687439.0949268,1557687438.643701,0.37215614318847656,0.07906961441040039,0.45122575759887695
411,1557687440.140206,1557687439.710209,1557687440.166061,1557687439.658842,0.42999720573425293,0.07722163200378418,0.5072188377380371
412,1557687441.082517,1557687440.715069,1557687441.108417,1557687440.67315,0.3674478530883789,0.06781911849975586,0.43526697158813477
413,1557687442.101206,1557687441.735235,1557687442.126388,1557687441.686852,0.36597108840942383,0.07356500625610352,0.43953609466552734
414,1557687443.1396348,1557687442.749368,1557687443.166135,1557687442.701656,0.39026689529418945,0.07421207427978516,0.4644789695739746
415,1557687444.122184,1557687443.769057,1557687444.148533,1557687443.716362,0.35312700271606445,0.07904410362243652,0.432171106338501
416,1557687445.16766,1557687444.793739,1557687445.270483,1557687444.729631,0.37392091751098633,0.16693115234375,0.5408520698547363
417,1557687446.1612651,1557687445.809301,1557687446.2752938,1557687445.741516,0.35196423530578613,0.18181347846984863,0.5337777137756348
418,1557687447.148335,1557687446.797875,1557687447.175316,1557687446.75333,0.3504600524902344,0.07152605056762695,0.42198610305786133
419,1557687448.165876,1557687447.814136,1557687448.191341,1557687447.766341,0.35173988342285156,0.07326006889343262,0.4249999523162842
420,1557687449.221654,1557687448.8238358,1557687449.2472901,1557687448.780098,0.39781808853149414,0.06937408447265625,0.4671921730041504
421,1557687450.192563,1557687449.846133,1557687450.221328,1557687449.793252,0.34643006324768066,0.08164596557617188,0.42807602882385254
422,1557687451.204483,1557687450.854528,1557687451.230617,1557687450.808357,0.34995508193969727,0.07230496406555176,0.422260046005249
423,1557687452.272288,1557687451.8618321,1557687452.298422,1557687451.820857,0.41045594215393066,0.0671091079711914,0.47756505012512207
424,1557687453.2341301,1557687452.884396,1557687453.261117,1557687452.835063,0.3497340679168701,0.07631993293762207,0.4260540008544922
425,1557687454.237932,1557687453.888229,1557687454.2634811,1557687453.846996,0.3497030735015869,0.06678199768066406,0.416485071182251
426,1557687455.3161259,1557687454.9169161,1557687455.340962,1557687454.859482,0.39920973777770996,0.08227014541625977,0.4814798831939697
427,1557687456.2717528,1557687455.919682,1557687456.297703,1557687455.875362,0.35207080841064453,0.07027029991149902,0.42234110832214355
428,1557687457.333584,1557687456.934508,1557687457.358707,1557687456.887295,0.399075984954834,0.07233595848083496,0.47141194343566895
429,1557687458.3401241,1557687457.945334,1557687458.364732,1557687457.899643,0.3947901725769043,0.07029891014099121,0.4650890827178955
430,1557687459.303608,1557687458.9572911,1557687459.331006,1557687458.9131222,0.3463168144226074,0.07156705856323242,0.41788387298583984
431,1557687460.374678,1557687459.97195,1557687460.404022,1557687459.9268289,0.4027278423309326,0.07446527481079102,0.47719311714172363
432,1557687461.354519,1557687460.983779,1557687461.382666,1557687460.938646,0.3707399368286133,0.07328009605407715,0.44402003288269043
433,1557687462.3401089,1557687461.9936461,1557687462.365977,1557687461.9502711,0.3464627265930176,0.06924319267272949,0.41570591926574707
434,1557687463.404842,1557687463.004462,1557687463.432308,1557687462.963203,0.40037989616394043,0.0687251091003418,0.4691050052642822
435,1557687464.3802679,1557687464.023903,1557687464.405354,1557687463.9763231,0.3563649654388428,0.07266592979431152,0.4290308952331543
436,1557687465.391575,1557687465.041725,1557687465.420419,1557687464.990803,0.3498501777648926,0.07976579666137695,0.42961597442626953
437,1557687466.4415288,1557687466.051125,1557687466.4670699,1557687466.004249,0.39040374755859375,0.07241702079772949,0.46282076835632324
438,1557687467.4109259,1557687467.065833,1557687467.439181,1557687467.020163,0.3450927734375,0.07392525672912598,0.419018030166626
439,1557687468.437517,1557687468.074375,1557687468.469142,1557687468.035608,0.3631420135498047,0.07039189338684082,0.4335339069366455
440,1557687469.489044,1557687469.091017,1557687469.516591,1557687469.0502632,0.3980269432067871,0.06830096244812012,0.4663279056549072
441,1557687470.459567,1557687470.1106029,1557687470.4858382,1557687470.065398,0.34896421432495117,0.07147598266601562,0.4204401969909668
442,1557687471.493951,1557687471.1198869,1557687471.521677,1557687471.0792599,0.37406420707702637,0.06835293769836426,0.4424171447753906
443,1557687472.529866,1557687472.131771,1557687472.556163,1557687472.093792,0.39809489250183105,0.06427621841430664,0.4623711109161377
444,1557687473.501849,1557687473.152785,1557687473.52758,1557687473.10806,0.3490638732910156,0.07045626640319824,0.41952013969421387
445,1557687474.567457,1557687474.170268,1557687474.593199,1557687474.123008,0.3971889019012451,0.07300209999084473,0.47019100189208984
446,1557687475.575364,1557687475.180157,1557687475.717625,1557687475.1364481,0.39520716667175293,0.18596959114074707,0.5811767578125
447,1557687476.6542811,1557687476.308142,1557687476.798225,1557687476.149257,0.34613919258117676,0.3028287887573242,0.648967981338501
448,1557687477.744819,1557687477.351017,1557687477.851663,1557687477.164453,0.3938019275665283,0.2934081554412842,0.6872100830078125
449,1557687478.570883,1557687478.2238119,1557687478.715491,1557687478.17808,0.34707117080688477,0.1903398036956787,0.5374109745025635
450,1557687479.577759,1557687479.2317278,1557687479.604943,1557687479.192386,0.34603118896484375,0.06652593612670898,0.41255712509155273
451,1557687480.655443,1557687480.266097,1557687480.680465,1557687480.20579,0.3893458843231201,0.08532905578613281,0.47467494010925293
452,1557687481.60939,1557687481.264405,1557687481.636476,1557687481.218666,0.3449850082397461,0.07282495498657227,0.41780996322631836
453,1557687482.614244,1557687482.2688868,1557687482.639782,1557687482.230654,0.34535717964172363,0.06377077102661133,0.40912795066833496
454,1557687483.684645,1557687483.286907,1557687483.709939,1557687483.241431,0.397737979888916,0.0707700252532959,0.4685080051422119
455,1557687484.647521,1557687484.301369,1557687484.674647,1557687484.255974,0.34615206718444824,0.07252097129821777,0.418673038482666
456,1557687485.665227,1557687485.319847,1557687485.691504,1557687485.268532,0.3453798294067383,0.07759213447570801,0.4229719638824463
457,1557687486.714463,1557687486.3197641,1557687486.740367,1557687486.2808821,0.3946988582611084,0.06478595733642578,0.4594848155975342
458,1557687487.681578,1557687487.338138,1557687487.707989,1557687487.296207,0.34343981742858887,0.06834220886230469,0.41178202629089355
459,1557687488.739393,1557687488.347243,1557687488.767997,1557687488.309269,0.3921499252319336,0.06657814979553223,0.4587280750274658
460,1557687489.76667,1557687489.372315,1557687489.7930882,1557687489.32424,0.39435505867004395,0.0744931697845459,0.46884822845458984
461,1557687490.748367,1557687490.38147,1557687490.7748,1557687490.339631,0.3668971061706543,0.06827187538146973,0.435168981552124
462,1557687491.803296,1557687491.398389,1557687491.828541,1557687491.3555038,0.4049069881439209,0.0681302547454834,0.4730372428894043
463,1557687492.808914,1557687492.409292,1557687492.878614,1557687492.368921,0.39962196350097656,0.11007094383239746,0.509692907333374
464,1557687493.7726462,1557687493.424885,1557687493.798022,1557687493.382906,0.3477611541748047,0.06735491752624512,0.4151160717010498
465,1557687494.840678,1557687494.434769,1557687494.866603,1557687494.396602,0.40590906143188477,0.06409192085266113,0.4700009822845459
466,1557687495.855032,1557687495.459458,1557687495.881036,1557687495.409951,0.39557385444641113,0.07551121711730957,0.4710850715637207
467,1557687496.811331,1557687496.4620528,1557687496.8373609,1557687496.423746,0.34927821159362793,0.06433653831481934,0.41361474990844727
468,1557687497.8319972,1557687497.4852788,1557687497.861295,1557687497.4371269,0.34671831130981445,0.07744979858398438,0.42416810989379883
469,1557687498.9009528,1557687498.50371,1557687498.927647,1557687498.452914,0.39724278450012207,0.07749032974243164,0.4747331142425537
470,1557687499.859549,1557687499.515704,1557687499.931598,1557687499.465718,0.3438451290130615,0.12203478813171387,0.4658799171447754
471,1557687500.889763,1557687500.542443,1557687500.9624991,1557687500.478499,0.3473200798034668,0.13668012619018555,0.48400020599365234
472,1557687501.942426,1557687501.530492,1557687502.081448,1557687501.491646,0.41193389892578125,0.17786812782287598,0.5898020267486572
473,1557687502.893459,1557687502.548914,1557687502.919725,1557687502.505249,0.3445451259613037,0.0699307918548584,0.4144759178161621
474,1557687503.946825,1557687503.5551279,1557687503.973019,1557687503.518468,0.3916971683502197,0.06285381317138672,0.45455098152160645
475,1557687504.973901,1557687504.579263,1557687504.9996018,1557687504.533531,0.3946380615234375,0.07143282890319824,0.46607089042663574
476,1557687505.950187,1557687505.600563,1557687505.976167,1557687505.547032,0.3496239185333252,0.07951092720031738,0.4291348457336426
477,1557687507.025637,1557687506.608053,1557687507.050874,1557687506.55915,0.4175839424133301,0.07414007186889648,0.49172401428222656
478,1557687508.002652,1557687507.618311,1557687508.029841,1557687507.572365,0.3843410015106201,0.0731348991394043,0.4574759006500244
479,1557687508.977701,1557687508.633303,1557687509.00326,1557687508.587002,0.34439802169799805,0.07185983657836914,0.4162578582763672
480,1557687510.042265,1557687509.6487892,1557687510.067395,1557687509.600459,0.3934757709503174,0.07346010208129883,0.4669358730316162
481,1557687511.043073,1557687510.672428,1557687511.069651,1557687510.615869,0.37064504623413086,0.08313679695129395,0.4537818431854248
482,1557687512.016993,1557687511.672237,1557687512.04323,1557687511.631629,0.3447561264038086,0.06684494018554688,0.41160106658935547
483,1557687513.096269,1557687512.691037,1557687513.147391,1557687512.645261,0.40523195266723633,0.09689807891845703,0.5021300315856934
484,1557687514.063484,1557687513.713302,1557687514.088192,1557687513.658437,0.35018205642700195,0.07957291603088379,0.42975497245788574
485,1557687515.07637,1557687514.7081811,1557687515.108217,1557687514.670795,0.36818885803222656,0.06923317909240723,0.4374220371246338
486,1557687516.135237,1557687515.738484,1557687516.159648,1557687515.6862981,0.39675307273864746,0.07659673690795898,0.47334980964660645
487,1557687517.09021,1557687516.744478,1557687517.115479,1557687516.697232,0.3457319736480713,0.07251501083374023,0.4182469844818115
488,1557687518.108917,1557687517.754708,1557687518.167233,1557687517.709585,0.35420894622802734,0.1034390926361084,0.45764803886413574
489,1557687519.158452,1557687518.765783,1557687519.185152,1557687518.723438,0.3926689624786377,0.0690450668334961,0.4617140293121338
490,1557687520.129631,1557687519.775992,1557687520.154644,1557687519.73409,0.3536391258239746,0.06691479682922363,0.42055392265319824
491,1557687521.1513789,1557687520.806666,1557687521.1760151,1557687520.7478518,0.3447129726409912,0.0834503173828125,0.4281632900238037
492,1557687522.200098,1557687521.806578,1557687522.226058,1557687521.761675,0.3935201168060303,0.07086300849914551,0.4643831253051758
493,1557687523.170989,1557687522.821902,1557687523.197181,1557687522.774393,0.3490869998931885,0.0737009048461914,0.4227879047393799
494,1557687524.219327,1557687523.824727,1557687524.247582,1557687523.786972,0.39459991455078125,0.0660099983215332,0.46060991287231445
495,1557687525.256682,1557687524.8598142,1557687525.2821689,1557687524.796226,0.3968677520751953,0.08907508850097656,0.4859428405761719
496,1557687526.220367,1557687525.8741279,1557687526.246744,1557687525.809767,0.3462390899658203,0.09073781967163086,0.43697690963745117
497,1557687527.247723,1557687526.863964,1557687527.2795038,1557687526.823224,0.3837590217590332,0.07252073287963867,0.4562797546386719
498,1557687528.231343,1557687527.880664,1557687528.259247,1557687527.8346212,0.3506789207458496,0.07394695281982422,0.42462587356567383
499,1557687529.241525,1557687528.895109,1557687529.267962,1557687528.848098,0.34641599655151367,0.07344794273376465,0.4198639392852783
