message_arrived;message_sent;processing_start_time;processing_end_time
1557911225;1557911224;1557911225;1557911226
1557911225;1557911225;1557911226;1557911226
1557911226;1557911226;1557911226;1557911226
1557911227;1557911227;1557911227;1557911227
1557911228;1557911228;1557911228;1557911228
1557911229;1557911229;1557911229;1557911229
1557911230;1557911230;1557911230;1557911230
1557911231;1557911231;1557911231;1557911231
1557911232;1557911232;1557911232;1557911232
1557911233;1557911233;1557911233;1557911233
1557911234;1557911234;1557911234;1557911234
1557911235;1557911235;1557911235;1557911235
1557911236;1557911236;1557911236;1557911236
1557911237;1557911237;1557911237;1557911238
1557911238;1557911238;1557911238;1557911239
1557911239;1557911239;1557911239;1557911240
1557911240;1557911240;1557911240;1557911241
1557911241;1557911241;1557911241;1557911242
1557911242;1557911242;1557911242;1557911242
1557911243;1557911243;1557911243;1557911243
1557911244;1557911244;1557911244;1557911244
1557911245;1557911245;1557911245;1557911246
1557911246;1557911246;1557911246;1557911247
1557911247;1557911247;1557911247;1557911247
1557911248;1557911248;1557911248;1557911249
1557911249;1557911249;1557911249;1557911250
1557911250;1557911250;1557911250;1557911251
1557911251;1557911251;1557911251;1557911252
1557911252;1557911252;1557911252;1557911253
1557911253;1557911253;1557911253;1557911254
1557911254;1557911254;1557911254;1557911255
1557911255;1557911255;1557911255;1557911256
1557911256;1557911256;1557911256;1557911257
1557911257;1557911257;1557911257;1557911258
1557911258;1557911258;1557911258;1557911259
1557911259;1557911259;1557911259;1557911260
1557911260;1557911260;1557911260;1557911261
1557911261;1557911261;1557911261;1557911262
1557911262;1557911262;1557911262;1557911263
1557911263;1557911263;1557911263;1557911264
1557911264;1557911264;1557911264;1557911265
1557911265;1557911265;1557911265;1557911266
1557911267;1557911266;1557911267;1557911267
1557911267;1557911267;1557911267;1557911268
1557911268;1557911268;1557911268;1557911269
1557911269;1557911269;1557911270;1557911270
1557911270;1557911270;1557911270;1557911271
1557911271;1557911271;1557911271;1557911272
1557911273;1557911272;1557911273;1557911273
1557911273;1557911273;1557911274;1557911274
1557911275;1557911274;1557911275;1557911275
1557911275;1557911275;1557911276;1557911276
1557911277;1557911276;1557911277;1557911277
1557911278;1557911277;1557911278;1557911278
1557911279;1557911278;1557911279;1557911279
1557911279;1557911279;1557911280;1557911280
1557911281;1557911280;1557911281;1557911281
1557911281;1557911281;1557911282;1557911282
1557911283;1557911282;1557911283;1557911283
1557911284;1557911283;1557911284;1557911284
1557911285;1557911284;1557911285;1557911285
1557911286;1557911285;1557911286;1557911286
1557911287;1557911287;1557911287;1557911287
1557911288;1557911288;1557911288;1557911288
1557911289;1557911289;1557911289;1557911289
1557911290;1557911290;1557911290;1557911290
1557911291;1557911291;1557911291;1557911291
1557911292;1557911292;1557911292;1557911292
1557911293;1557911293;1557911293;1557911293
1557911294;1557911294;1557911294;1557911294
1557911295;1557911295;1557911295;1557911295
1557911296;1557911296;1557911296;1557911296
1557911297;1557911297;1557911297;1557911297
1557911298;1557911298;1557911298;1557911298
1557911299;1557911299;1557911299;1557911299
1557911300;1557911300;1557911300;1557911300
1557911301;1557911301;1557911301;1557911301
1557911302;1557911302;1557911302;1557911302
1557911303;1557911303;1557911303;1557911303
1557911304;1557911304;1557911304;1557911304
1557911305;1557911305;1557911305;1557911305
1557911306;1557911306;1557911306;1557911306
1557911307;1557911307;1557911307;1557911307
1557911308;1557911308;1557911308;1557911308
1557911309;1557911309;1557911309;1557911310
1557911310;1557911310;1557911310;1557911310
1557911311;1557911311;1557911311;1557911311
1557911312;1557911312;1557911312;1557911312
1557911313;1557911313;1557911313;1557911313
1557911314;1557911314;1557911314;1557911314
1557911315;1557911315;1557911315;1557911315
1557911316;1557911316;1557911316;1557911317
1557911317;1557911317;1557911317;1557911317
1557911318;1557911318;1557911318;1557911318
1557911319;1557911319;1557911319;1557911319
1557911320;1557911320;1557911320;1557911320
1557911321;1557911321;1557911321;1557911321
1557911322;1557911322;1557911322;1557911323
1557911323;1557911323;1557911323;1557911323
1557911324;1557911324;1557911324;1557911324
1557911325;1557911325;1557911325;1557911326
1557911326;1557911326;1557911326;1557911326
1557911327;1557911327;1557911327;1557911327
1557911328;1557911328;1557911328;1557911329
1557911329;1557911329;1557911329;1557911330
1557911330;1557911330;1557911330;1557911331
1557911331;1557911331;1557911331;1557911332
1557911332;1557911332;1557911332;1557911333
1557911333;1557911333;1557911333;1557911334
1557911334;1557911334;1557911334;1557911335
1557911335;1557911335;1557911335;1557911336
1557911336;1557911336;1557911336;1557911337
1557911337;1557911337;1557911337;1557911338
1557911338;1557911338;1557911338;1557911339
1557911339;1557911339;1557911339;1557911340
1557911340;1557911340;1557911340;1557911341
1557911341;1557911341;1557911341;1557911342
1557911342;1557911342;1557911342;1557911343
1557911343;1557911343;1557911343;1557911344
1557911344;1557911344;1557911344;1557911345
1557911345;1557911345;1557911345;1557911346
1557911346;1557911346;1557911346;1557911347
1557911347;1557911347;1557911347;1557911348
1557911348;1557911348;1557911348;1557911349
1557911349;1557911349;1557911350;1557911350
1557911350;1557911350;1557911350;1557911351
1557911351;1557911351;1557911351;1557911352
1557911352;1557911352;1557911352;1557911353
1557911353;1557911353;1557911353;1557911354
1557911354;1557911354;1557911355;1557911355
1557911355;1557911355;1557911356;1557911356
1557911357;1557911356;1557911357;1557911357
1557911357;1557911357;1557911358;1557911358
1557911358;1557911358;1557911359;1557911359
1557911360;1557911359;1557911360;1557911360
1557911360;1557911360;1557911360;1557911361
1557911361;1557911361;1557911362;1557911362
1557911363;1557911362;1557911363;1557911363
1557911363;1557911363;1557911364;1557911364
1557911364;1557911364;1557911365;1557911365
1557911365;1557911365;1557911366;1557911366
1557911367;1557911366;1557911367;1557911367
1557911367;1557911367;1557911367;1557911368
1557911369;1557911368;1557911369;1557911369
1557911369;1557911369;1557911370;1557911370
1557911371;1557911370;1557911371;1557911371
1557911372;1557911371;1557911372;1557911372
1557911373;1557911372;1557911373;1557911373
1557911374;1557911373;1557911374;1557911374
1557911375;1557911374;1557911375;1557911375
1557911375;1557911375;1557911376;1557911376
1557911377;1557911376;1557911377;1557911377
1557911378;1557911377;1557911378;1557911378
1557911379;1557911378;1557911379;1557911379
1557911380;1557911379;1557911380;1557911380
1557911381;1557911380;1557911381;1557911381
1557911382;1557911381;1557911382;1557911382
1557911383;1557911382;1557911383;1557911383
1557911384;1557911383;1557911384;1557911384
1557911385;1557911384;1557911385;1557911385
1557911386;1557911385;1557911386;1557911386
1557911387;1557911386;1557911387;1557911387
1557911388;1557911388;1557911388;1557911388
1557911389;1557911389;1557911389;1557911389
1557911390;1557911390;1557911390;1557911390
1557911391;1557911391;1557911391;1557911391
1557911392;1557911392;1557911392;1557911392
1557911393;1557911393;1557911393;1557911393
1557911394;1557911394;1557911394;1557911394
1557911395;1557911395;1557911395;1557911395
1557911396;1557911396;1557911396;1557911396
1557911397;1557911397;1557911397;1557911397
1557911398;1557911398;1557911398;1557911398
1557911399;1557911399;1557911399;1557911399
1557911400;1557911400;1557911400;1557911400
1557911401;1557911401;1557911401;1557911401
1557911402;1557911402;1557911402;1557911402
1557911403;1557911403;1557911403;1557911403
1557911404;1557911404;1557911404;1557911404
1557911405;1557911405;1557911405;1557911405
1557911406;1557911406;1557911406;1557911406
1557911407;1557911407;1557911407;1557911407
1557911408;1557911408;1557911408;1557911408
1557911409;1557911409;1557911409;1557911409
1557911410;1557911410;1557911410;1557911410
1557911411;1557911411;1557911411;1557911411
1557911412;1557911412;1557911412;1557911412
1557911413;1557911413;1557911413;1557911413
1557911414;1557911414;1557911414;1557911414
1557911415;1557911415;1557911415;1557911415
1557911416;1557911416;1557911416;1557911416
1557911417;1557911417;1557911417;1557911417
1557911418;1557911418;1557911418;1557911418
1557911419;1557911419;1557911419;1557911419
1557911420;1557911420;1557911420;1557911420
1557911421;1557911421;1557911421;1557911421
1557911422;1557911422;1557911422;1557911422
1557911423;1557911423;1557911423;1557911423
1557911424;1557911424;1557911424;1557911424
1557911425;1557911425;1557911425;1557911425
1557911426;1557911426;1557911426;1557911426
1557911427;1557911427;1557911427;1557911427
1557911428;1557911428;1557911428;1557911428
1557911429;1557911429;1557911429;1557911429
1557911430;1557911430;1557911430;1557911430
1557911431;1557911431;1557911431;1557911432
1557911432;1557911432;1557911432;1557911432
1557911433;1557911433;1557911433;1557911433
1557911434;1557911434;1557911434;1557911434
1557911435;1557911435;1557911435;1557911435
1557911436;1557911436;1557911436;1557911436
1557911437;1557911437;1557911437;1557911437
1557911438;1557911438;1557911438;1557911439
1557911439;1557911439;1557911439;1557911439
1557911440;1557911440;1557911440;1557911440
1557911441;1557911441;1557911441;1557911441
1557911442;1557911442;1557911442;1557911442
1557911443;1557911443;1557911443;1557911443
1557911444;1557911444;1557911444;1557911444
1557911445;1557911445;1557911445;1557911445
1557911446;1557911446;1557911446;1557911446
1557911447;1557911447;1557911447;1557911447
1557911448;1557911448;1557911448;1557911448
1557911449;1557911449;1557911449;1557911449
1557911450;1557911450;1557911450;1557911450
1557911451;1557911451;1557911451;1557911451
1557911452;1557911452;1557911452;1557911453
1557911453;1557911453;1557911453;1557911453
1557911454;1557911454;1557911454;1557911454
1557911455;1557911455;1557911455;1557911455
1557911456;1557911456;1557911456;1557911456
1557911457;1557911457;1557911457;1557911457
1557911458;1557911458;1557911458;1557911459
1557911459;1557911459;1557911459;1557911460
1557911460;1557911460;1557911460;1557911460
1557911461;1557911461;1557911461;1557911461
1557911462;1557911462;1557911462;1557911462
1557911463;1557911463;1557911463;1557911463
1557911464;1557911464;1557911464;1557911464
1557911465;1557911465;1557911465;1557911466
1557911466;1557911466;1557911466;1557911466
1557911467;1557911467;1557911467;1557911467
1557911468;1557911468;1557911468;1557911468
1557911469;1557911469;1557911469;1557911470
1557911470;1557911470;1557911470;1557911470
1557911471;1557911471;1557911471;1557911472
1557911472;1557911472;1557911472;1557911472
1557911473;1557911473;1557911473;1557911473
1557911474;1557911474;1557911474;1557911474
1557911475;1557911475;1557911475;1557911476
1557911476;1557911476;1557911476;1557911477
1557911477;1557911477;1557911477;1557911477
1557911478;1557911478;1557911478;1557911479
1557911479;1557911479;1557911479;1557911479
1557911480;1557911480;1557911480;1557911480
1557911481;1557911481;1557911481;1557911482
1557911482;1557911482;1557911482;1557911482
1557911483;1557911483;1557911483;1557911484
1557911484;1557911484;1557911484;1557911484
1557911485;1557911485;1557911485;1557911486
1557911486;1557911486;1557911486;1557911486
1557911487;1557911487;1557911487;1557911488
1557911488;1557911488;1557911488;1557911489
1557911489;1557911489;1557911489;1557911490
1557911490;1557911490;1557911490;1557911491
1557911491;1557911491;1557911491;1557911492
1557911492;1557911492;1557911492;1557911492
1557911493;1557911493;1557911493;1557911494
1557911494;1557911494;1557911494;1557911495
1557911495;1557911495;1557911495;1557911496
1557911496;1557911496;1557911496;1557911497
1557911497;1557911497;1557911497;1557911498
1557911498;1557911498;1557911498;1557911499
1557911499;1557911499;1557911499;1557911500
1557911500;1557911500;1557911500;1557911501
1557911501;1557911501;1557911501;1557911502
1557911502;1557911502;1557911502;1557911503
1557911503;1557911503;1557911503;1557911504
1557911504;1557911504;1557911504;1557911505
1557911505;1557911505;1557911505;1557911506
1557911506;1557911506;1557911506;1557911507
1557911507;1557911507;1557911507;1557911508
1557911508;1557911508;1557911508;1557911509
1557911509;1557911509;1557911509;1557911510
1557911510;1557911510;1557911510;1557911511
1557911511;1557911511;1557911511;1557911512
1557911512;1557911512;1557911513;1557911513
1557911513;1557911513;1557911513;1557911514
1557911514;1557911514;1557911514;1557911515
1557911515;1557911515;1557911515;1557911516
1557911516;1557911516;1557911516;1557911517
1557911517;1557911517;1557911517;1557911518
1557911518;1557911518;1557911518;1557911519
1557911519;1557911519;1557911520;1557911520
1557911520;1557911520;1557911520;1557911521
1557911521;1557911521;1557911521;1557911522
1557911522;1557911522;1557911522;1557911523
1557911523;1557911523;1557911523;1557911524
1557911525;1557911524;1557911524;1557911525
1557911526;1557911525;1557911526;1557911527
1557911526;1557911526;1557911527;1557911527
1557911527;1557911527;1557911527;1557911528
1557911528;1557911528;1557911528;1557911529
1557911529;1557911529;1557911529;1557911530
1557911530;1557911530;1557911530;1557911531
1557911531;1557911531;1557911531;1557911532
1557911532;1557911532;1557911532;1557911533
1557911534;1557911533;1557911534;1557911534
1557911534;1557911534;1557911534;1557911535
1557911535;1557911535;1557911536;1557911536
1557911537;1557911536;1557911537;1557911537
1557911537;1557911537;1557911537;1557911538
1557911538;1557911538;1557911538;1557911539
1557911539;1557911539;1557911539;1557911540
1557911541;1557911540;1557911541;1557911541
1557911541;1557911541;1557911541;1557911542
1557911542;1557911542;1557911543;1557911543
1557911543;1557911543;1557911543;1557911544
1557911544;1557911544;1557911544;1557911545
1557911545;1557911545;1557911546;1557911546
1557911546;1557911546;1557911546;1557911547
1557911548;1557911547;1557911548;1557911548
1557911548;1557911548;1557911548;1557911549
1557911549;1557911549;1557911550;1557911550
1557911550;1557911550;1557911551;1557911551
1557911551;1557911551;1557911551;1557911552
1557911553;1557911552;1557911553;1557911553
1557911553;1557911553;1557911554;1557911554
1557911555;1557911554;1557911555;1557911555
1557911555;1557911555;1557911556;1557911556
1557911556;1557911556;1557911556;1557911557
1557911558;1557911557;1557911558;1557911558
1557911558;1557911558;1557911559;1557911559
1557911560;1557911559;1557911560;1557911560
1557911560;1557911560;1557911561;1557911561
1557911562;1557911561;1557911562;1557911562
1557911563;1557911562;1557911563;1557911563
1557911564;1557911563;1557911564;1557911564
1557911565;1557911564;1557911565;1557911565
1557911566;1557911565;1557911566;1557911566
1557911567;1557911566;1557911567;1557911567
1557911568;1557911567;1557911568;1557911568
1557911569;1557911568;1557911569;1557911569
1557911570;1557911569;1557911570;1557911570
1557911571;1557911570;1557911571;1557911571
1557911572;1557911571;1557911572;1557911572
1557911573;1557911572;1557911573;1557911573
1557911574;1557911573;1557911574;1557911574
1557911575;1557911574;1557911575;1557911575
1557911576;1557911575;1557911576;1557911576
1557911577;1557911577;1557911577;1557911577
1557911578;1557911578;1557911578;1557911578
1557911579;1557911579;1557911579;1557911579
1557911581;1557911580;1557911581;1557911582
1557911581;1557911581;1557911582;1557911582
1557911582;1557911582;1557911582;1557911583
1557911583;1557911583;1557911583;1557911583
1557911584;1557911584;1557911584;1557911584
1557911585;1557911585;1557911585;1557911585
1557911586;1557911586;1557911586;1557911586
1557911587;1557911587;1557911587;1557911587
1557911588;1557911588;1557911588;1557911588
1557911589;1557911589;1557911589;1557911589
1557911590;1557911590;1557911590;1557911590
1557911591;1557911591;1557911591;1557911591
1557911592;1557911592;1557911592;1557911592
1557911593;1557911593;1557911593;1557911593
1557911594;1557911594;1557911594;1557911594
1557911595;1557911595;1557911595;1557911595
1557911596;1557911596;1557911596;1557911596
1557911597;1557911597;1557911597;1557911597
1557911598;1557911598;1557911598;1557911598
1557911599;1557911599;1557911599;1557911599
1557911600;1557911600;1557911600;1557911600
1557911601;1557911601;1557911601;1557911601
1557911602;1557911602;1557911602;1557911602
1557911603;1557911603;1557911603;1557911603
1557911604;1557911604;1557911604;1557911604
1557911605;1557911605;1557911605;1557911605
1557911606;1557911606;1557911606;1557911606
1557911607;1557911607;1557911607;1557911607
1557911608;1557911608;1557911608;1557911608
1557911609;1557911609;1557911609;1557911609
1557911610;1557911610;1557911610;1557911610
1557911611;1557911611;1557911611;1557911611
1557911612;1557911612;1557911612;1557911612
1557911613;1557911613;1557911613;1557911613
1557911614;1557911614;1557911614;1557911614
1557911615;1557911615;1557911615;1557911615
1557911616;1557911616;1557911616;1557911616
1557911617;1557911617;1557911617;1557911617
1557911618;1557911618;1557911618;1557911618
1557911619;1557911619;1557911619;1557911619
1557911620;1557911620;1557911620;1557911620
1557911621;1557911621;1557911621;1557911621
1557911622;1557911622;1557911622;1557911622
1557911623;1557911623;1557911623;1557911623
1557911624;1557911624;1557911624;1557911624
1557911625;1557911625;1557911625;1557911625
1557911626;1557911626;1557911626;1557911626
1557911627;1557911627;1557911627;1557911627
1557911628;1557911628;1557911628;1557911628
1557911629;1557911629;1557911629;1557911629
1557911630;1557911630;1557911630;1557911630
1557911631;1557911631;1557911631;1557911631
1557911632;1557911632;1557911632;1557911632
1557911633;1557911633;1557911633;1557911634
1557911634;1557911634;1557911634;1557911634
1557911635;1557911635;1557911635;1557911635
1557911636;1557911636;1557911636;1557911637
1557911637;1557911637;1557911637;1557911637
1557911638;1557911638;1557911638;1557911638
1557911639;1557911639;1557911639;1557911639
1557911640;1557911640;1557911640;1557911640
1557911641;1557911641;1557911641;1557911641
1557911642;1557911642;1557911642;1557911643
1557911643;1557911643;1557911643;1557911643
1557911644;1557911644;1557911644;1557911644
1557911646;1557911645;1557911646;1557911646
1557911646;1557911646;1557911646;1557911646
1557911647;1557911647;1557911647;1557911647
1557911648;1557911648;1557911648;1557911648
1557911649;1557911649;1557911649;1557911650
1557911650;1557911650;1557911650;1557911650
1557911651;1557911651;1557911651;1557911652
1557911652;1557911652;1557911652;1557911652
1557911653;1557911653;1557911653;1557911653
1557911654;1557911654;1557911654;1557911655
1557911655;1557911655;1557911655;1557911655
1557911656;1557911656;1557911656;1557911657
1557911657;1557911657;1557911657;1557911657
1557911658;1557911658;1557911658;1557911658
1557911659;1557911659;1557911659;1557911659
1557911660;1557911660;1557911660;1557911661
1557911661;1557911661;1557911661;1557911661
1557911662;1557911662;1557911662;1557911662
1557911663;1557911663;1557911663;1557911664
1557911664;1557911664;1557911664;1557911664
1557911665;1557911665;1557911665;1557911665
1557911666;1557911666;1557911666;1557911666
1557911667;1557911667;1557911667;1557911668
1557911668;1557911668;1557911668;1557911668
1557911669;1557911669;1557911669;1557911670
1557911670;1557911670;1557911670;1557911671
1557911671;1557911671;1557911671;1557911671
1557911672;1557911672;1557911672;1557911673
1557911673;1557911673;1557911673;1557911674
1557911674;1557911674;1557911674;1557911674
1557911675;1557911675;1557911675;1557911676
1557911676;1557911676;1557911676;1557911677
1557911677;1557911677;1557911677;1557911677
1557911678;1557911678;1557911678;1557911679
1557911679;1557911679;1557911679;1557911680
1557911680;1557911680;1557911680;1557911681
1557911681;1557911681;1557911681;1557911682
1557911682;1557911682;1557911682;1557911683
1557911683;1557911683;1557911683;1557911684
1557911684;1557911684;1557911684;1557911685
1557911685;1557911685;1557911685;1557911685
1557911686;1557911686;1557911686;1557911687
1557911687;1557911687;1557911687;1557911688
1557911688;1557911688;1557911688;1557911689
1557911689;1557911689;1557911689;1557911690
1557911690;1557911690;1557911690;1557911691
1557911691;1557911691;1557911691;1557911692
1557911692;1557911692;1557911692;1557911693
1557911693;1557911693;1557911693;1557911694
1557911694;1557911694;1557911694;1557911695
1557911695;1557911695;1557911695;1557911696
1557911696;1557911696;1557911697;1557911697
1557911697;1557911697;1557911697;1557911698
1557911699;1557911698;1557911699;1557911700
1557911699;1557911699;1557911700;1557911700
1557911700;1557911700;1557911700;1557911701
1557911701;1557911701;1557911701;1557911702
1557911702;1557911702;1557911702;1557911703
1557911704;1557911703;1557911704;1557911704
1557911704;1557911704;1557911704;1557911705
1557911705;1557911705;1557911705;1557911706
1557911706;1557911706;1557911706;1557911707
1557911707;1557911707;1557911707;1557911708
1557911708;1557911708;1557911708;1557911709
1557911709;1557911709;1557911709;1557911710
1557911711;1557911710;1557911711;1557911711
1557911711;1557911711;1557911711;1557911712
1557911712;1557911712;1557911712;1557911713
1557911714;1557911713;1557911714;1557911714
1557911714;1557911714;1557911714;1557911715
1557911715;1557911715;1557911715;1557911716
1557911716;1557911716;1557911716;1557911717
1557911718;1557911717;1557911718;1557911718
1557911718;1557911718;1557911718;1557911719
1557911719;1557911719;1557911719;1557911720
1557911720;1557911720;1557911720;1557911721
1557911721;1557911721;1557911721;1557911722
1557911722;1557911722;1557911722;1557911723
1557911723;1557911723;1557911724;1557911724
1557911724;1557911724;1557911724;1557911725
1557911725;1557911725;1557911725;1557911726
1557911726;1557911726;1557911726;1557911727