,message_arrived,message_sent,processing_start_time,processing_end_time,processing_delay,network_delay,overall_delay
0,1557911225.2270064,1557911223.7843273,1557911225.247078,1557911225.635538,0.3884601593017578,1.4426791667938232,1.831139326095581
1,1557911225.2452352,1557911224.7908175,1557911225.670925,1557911226.052618,0.38169312477111816,0.45441770553588867,0.8361108303070068
2,1557911225.8689413,1557911225.8029509,1557911226.087179,1557911226.419832,0.3326530456542969,0.06599044799804688,0.39864349365234375
3,1557911226.916519,1557911226.8155775,1557911226.955055,1557911227.301875,0.3468201160430908,0.10094141960144043,0.44776153564453125
4,1557911227.927674,1557911227.8212914,1557911227.968329,1557911228.385656,0.4173271656036377,0.10638260841369629,0.523709774017334
5,1557911228.9511573,1557911228.834974,1557911228.989017,1557911229.3628,0.3737828731536865,0.11618328094482422,0.48996615409851074
6,1557911229.956728,1557911229.8463233,1557911229.99645,1557911230.3332179,0.33676791191101074,0.11040472984313965,0.4471726417541504
7,1557911230.9570336,1557911230.857699,1557911230.997282,1557911231.382537,0.3852548599243164,0.099334716796875,0.4845895767211914
8,1557911231.9664686,1557911231.8693562,1557911232.0050118,1557911232.4042768,0.3992650508880615,0.09711241722106934,0.49637746810913086
9,1557911232.9854748,1557911232.8821585,1557911233.024266,1557911233.405828,0.3815619945526123,0.1033163070678711,0.4848783016204834
10,1557911234.0190766,1557911233.8953044,1557911234.0549269,1557911234.434884,0.3799571990966797,0.12377214431762695,0.5037293434143066
11,1557911235.0036345,1557911234.9067824,1557911235.0432901,1557911235.377024,0.33373379707336426,0.09685206413269043,0.4305858612060547
12,1557911236.0626452,1557911235.9182832,1557911236.01178,1557911236.349251,0.33747100830078125,0.1443619728088379,0.48183298110961914
13,1557911237.0419235,1557911236.9302113,1557911237.139168,1557911237.5128381,0.3736701011657715,0.11171221733093262,0.4853823184967041
14,1557911238.2713888,1557911237.942652,1557911238.30912,1557911238.645682,0.3365621566772461,0.3287367820739746,0.6652989387512207
15,1557911239.0746946,1557911238.9549685,1557911239.114434,1557911239.516785,0.40235090255737305,0.11972618103027344,0.5220770835876465
16,1557911240.0145993,1557911239.9653618,1557911240.10941,1557911240.508371,0.39896106719970703,0.04923748970031738,0.4481985569000244
17,1557911241.1409185,1557911240.976716,1557911241.177602,1557911241.562283,0.38468098640441895,0.16420245170593262,0.5488834381103516
18,1557911242.1087327,1557911241.9880304,1557911242.147567,1557911242.484447,0.3368799686431885,0.12070226669311523,0.4575822353363037
19,1557911243.10153,1557911242.9995522,1557911243.1414769,1557911243.474908,0.3334312438964844,0.10197782516479492,0.4354090690612793
20,1557911244.120034,1557911244.0115006,1557911244.160774,1557911244.4977741,0.33700013160705566,0.10853338241577148,0.44553351402282715
21,1557911245.1387641,1557911245.0239265,1557911245.175966,1557911245.613548,0.43758201599121094,0.114837646484375,0.5524196624755859
22,1557911246.1490195,1557911246.035396,1557911246.186576,1557911246.5230598,0.3364839553833008,0.11362338066101074,0.4501073360443115
23,1557911247.0952125,1557911247.0476072,1557911247.135134,1557911247.470268,0.33513402938842773,0.047605276107788086,0.3827393054962158
24,1557911248.1496356,1557911248.0530312,1557911248.188468,1557911248.580618,0.3921499252319336,0.0966043472290039,0.4887542724609375
25,1557911249.1324124,1557911249.0655284,1557911249.2275698,1557911249.565449,0.3378791809082031,0.06688404083251953,0.40476322174072266
26,1557911250.2138019,1557911250.0779338,1557911250.30996,1557911250.746606,0.4366462230682373,0.13586807250976562,0.5725142955780029
27,1557911251.1918044,1557911251.0891488,1557911251.232468,1557911251.565341,0.3328731060028076,0.10265564918518066,0.4355287551879883
28,1557911252.4210465,1557911252.1015675,1557911252.457684,1557911252.8077528,0.3500688076019287,0.31947898864746094,0.6695477962493896
29,1557911253.166747,1557911253.1132047,1557911253.206767,1557911253.560804,0.354036808013916,0.053542375564575195,0.4075791835784912
30,1557911254.225821,1557911254.1253998,1557911254.2651381,1557911254.613378,0.3482398986816406,0.10042119026184082,0.44866108894348145
31,1557911255.2618012,1557911255.1369984,1557911255.298477,1557911255.723809,0.42533206939697266,0.12480282783508301,0.5501348972320557
32,1557911256.2619815,1557911256.151675,1557911256.3015609,1557911256.6865098,0.3849489688873291,0.1103065013885498,0.4952554702758789
33,1557911257.2658892,1557911257.164505,1557911257.305531,1557911257.702191,0.39666008949279785,0.10138416290283203,0.4980442523956299
34,1557911258.2968779,1557911258.1773028,1557911258.333764,1557911258.66671,0.3329458236694336,0.11957502365112305,0.45252084732055664
35,1557911259.298659,1557911259.1887047,1557911259.335578,1557911259.669171,0.33359313011169434,0.1099543571472168,0.44354748725891113
36,1557911260.262032,1557911260.1990824,1557911260.302559,1557911260.713696,0.41113710403442383,0.06294965744018555,0.4740867614746094
37,1557911261.3097105,1557911261.2099936,1557911261.348907,1557911261.769759,0.4208519458770752,0.0997169017791748,0.52056884765625
38,1557911262.279928,1557911262.2233634,1557911262.377372,1557911262.7665439,0.389171838760376,0.0565645694732666,0.4457364082336426
39,1557911263.3398602,1557911263.2366648,1557911263.3792288,1557911263.774472,0.39524316787719727,0.1031954288482666,0.49843859672546387
40,1557911264.356761,1557911264.2489705,1557911264.396389,1557911264.751388,0.3549990653991699,0.10779047012329102,0.46278953552246094
41,1557911265.3693945,1557911265.26221,1557911265.40935,1557911265.742922,0.3335721492767334,0.10718464851379395,0.44075679779052734
42,1557911266.5902753,1557911266.2752068,1557911266.6256769,1557911267.018472,0.3927950859069824,0.31506848335266113,0.7078635692596436
43,1557911267.393226,1557911267.2866626,1557911267.4319198,1557911267.7666302,0.33471035957336426,0.10656332969665527,0.44127368927001953
44,1557911268.352026,1557911268.297785,1557911268.393721,1557911268.8073142,0.413593053817749,0.05424094200134277,0.4678339958190918
45,1557911269.421042,1557911269.3088892,1557911269.512465,1557911269.988216,0.4757509231567383,0.1121528148651123,0.5879037380218506
46,1557911270.426083,1557911270.3196454,1557911270.469918,1557911270.8510869,0.38116884231567383,0.10643768310546875,0.4876065254211426
47,1557911271.4596055,1557911271.3307288,1557911271.499546,1557911271.834586,0.3350398540496826,0.1288766860961914,0.463916540145874
48,1557911272.6906645,1557911272.3419785,1557911272.705358,1557911273.088486,0.38312792778015137,0.34868597984313965,0.731813907623291
49,1557911273.4656289,1557911273.346581,1557911273.505699,1557911273.8945599,0.38886094093322754,0.11904788017272949,0.507908821105957
50,1557911274.5347679,1557911274.3579795,1557911274.571239,1557911274.9886642,0.41742515563964844,0.176788330078125,0.5942134857177734
51,1557911275.4964714,1557911275.370152,1557911275.530867,1557911275.873608,0.3427410125732422,0.12631940841674805,0.46906042098999023
52,1557911276.5823467,1557911276.382142,1557911276.505866,1557911276.848998,0.34313201904296875,0.20020461082458496,0.5433366298675537
53,1557911277.7656019,1557911277.3936276,1557911277.8581722,1557911278.274684,0.41651177406311035,0.37197422981262207,0.7884860038757324
54,1557911278.6287322,1557911278.4061036,1557911278.6272721,1557911279.0192778,0.39200568199157715,0.22262859344482422,0.6146342754364014
55,1557911279.4731426,1557911279.4170725,1557911279.57052,1557911279.9178288,0.347308874130249,0.05607008934020996,0.403378963470459
56,1557911280.7595274,1557911280.4294033,1557911280.796429,1557911281.225628,0.4291989803314209,0.3301241397857666,0.7593231201171875
57,1557911281.495337,1557911281.4416096,1557911281.534675,1557911281.8811538,0.3464789390563965,0.05372738838195801,0.4002063274383545
58,1557911282.5544145,1557911282.4544446,1557911282.595587,1557911282.927463,0.3318760395050049,0.09996986389160156,0.43184590339660645
59,1557911283.5719328,1557911283.4660935,1557911283.612607,1557911283.966467,0.35385990142822266,0.10583925247192383,0.4596991539001465
60,1557911284.528761,1557911284.4771426,1557911284.566866,1557911284.954851,0.3879849910736084,0.051618337631225586,0.439603328704834
61,1557911285.6508448,1557911285.4911995,1557911285.686789,1557911286.069533,0.38274407386779785,0.15964531898498535,0.5423893928527832
62,1557911286.6061823,1557911286.504856,1557911286.645799,1557911287.036859,0.39106011390686035,0.10132622718811035,0.4923863410949707
63,1557911287.5830064,1557911287.516568,1557911287.622792,1557911287.9570231,0.3342311382293701,0.06643843650817871,0.40066957473754883
64,1557911288.6250849,1557911288.5281231,1557911288.719351,1557911289.107483,0.38813185691833496,0.09696173667907715,0.4850935935974121
65,1557911289.6385546,1557911289.5385966,1557911289.678062,1557911290.108152,0.43008995056152344,0.09995794296264648,0.5300478935241699
66,1557911290.6564994,1557911290.5507374,1557911290.6962152,1557911291.032979,0.336763858795166,0.10576200485229492,0.44252586364746094
67,1557911291.6158593,1557911291.563638,1557911291.655994,1557911292.077124,0.4211301803588867,0.05222129821777344,0.47335147857666016
68,1557911292.7413075,1557911292.576363,1557911292.7729778,1557911293.105807,0.33282923698425293,0.16494441032409668,0.4977736473083496
69,1557911293.6434278,1557911293.5877945,1557911293.68244,1557911294.016941,0.3345010280609131,0.0556333065032959,0.390134334564209
70,1557911294.9250386,1557911294.5999193,1557911294.9616652,1557911295.3049788,0.34331369400024414,0.3251192569732666,0.6684329509735107
71,1557911295.8107233,1557911295.6111255,1557911295.851608,1557911296.246606,0.39499807357788086,0.19959783554077148,0.5945959091186523
72,1557911296.761453,1557911296.623276,1557911296.859342,1557911297.195115,0.3357729911804199,0.13817691802978516,0.4739499092102051
73,1557911297.7875636,1557911297.6345446,1557911297.828114,1557911298.235116,0.40700197219848633,0.15301895141601562,0.560020923614502
74,1557911298.7023735,1557911298.6471975,1557911298.7429152,1557911299.078017,0.335101842880249,0.0551760196685791,0.3902778625488281
75,1557911299.7465243,1557911299.6589553,1557911299.840873,1557911300.211647,0.3707740306854248,0.08756899833679199,0.4583430290222168
76,1557911300.8446472,1557911300.6711025,1557911300.88496,1557911301.265311,0.38035106658935547,0.17354464530944824,0.5538957118988037
77,1557911301.787807,1557911301.6822398,1557911301.8274632,1557911302.2192302,0.3917670249938965,0.10556721687316895,0.49733424186706543
78,1557911302.748417,1557911302.6942484,1557911302.790824,1557911303.176293,0.3854689598083496,0.0541684627532959,0.4396374225616455
79,1557911303.8526065,1557911303.7061336,1557911303.889992,1557911304.276531,0.3865389823913574,0.14647293090820312,0.5330119132995605
80,1557911304.7937052,1557911304.7169476,1557911304.890891,1557911305.259743,0.368851900100708,0.07675766944885254,0.44560956954956055
81,1557911305.900936,1557911305.7294238,1557911305.9373949,1557911306.281781,0.34438610076904297,0.17151212692260742,0.5158982276916504
82,1557911306.8446605,1557911306.7411554,1557911306.885028,1557911307.2176108,0.332582950592041,0.10350513458251953,0.43608808517456055
83,1557911307.8821836,1557911307.7547376,1557911307.9196448,1557911308.310453,0.39080810546875,0.12744593620300293,0.5182540416717529
84,1557911309.0927355,1557911308.7666574,1557911309.128225,1557911309.525515,0.3972899913787842,0.3260781764984131,0.7233681678771973
85,1557911309.9233644,1557911309.778956,1557911309.958865,1557911310.328066,0.3692011833190918,0.1444084644317627,0.5136096477508545
86,1557911310.8498929,1557911310.790648,1557911310.888435,1557911311.224996,0.3365612030029297,0.05924487113952637,0.39580607414245605
87,1557911311.9141994,1557911311.8014545,1557911311.9531732,1557911312.335601,0.3824279308319092,0.11274480819702148,0.49517273902893066
88,1557911312.9292927,1557911312.8152983,1557911312.967472,1557911313.358534,0.39106202125549316,0.11399435997009277,0.5050563812255859
89,1557911313.902278,1557911313.8294473,1557911313.9420009,1557911314.339673,0.397672176361084,0.0728306770324707,0.4705028533935547
90,1557911314.9388845,1557911314.8424609,1557911315.039443,1557911315.411803,0.3723599910736084,0.09642362594604492,0.4687836170196533
91,1557911316.1753225,1557911315.854976,1557911316.2132561,1557911316.547153,0.3338968753814697,0.3203465938568115,0.6542434692382812
92,1557911316.9912643,1557911316.8663044,1557911317.0306811,1557911317.36526,0.3345787525177002,0.12495994567871094,0.45953869819641113
93,1557911317.9458275,1557911317.8776195,1557911317.982731,1557911318.317312,0.3345808982849121,0.06820797920227051,0.4027888774871826
94,1557911319.01352,1557911318.8897367,1557911319.109092,1557911319.4427571,0.333665132522583,0.12378334999084473,0.45744848251342773
95,1557911320.0149126,1557911319.9016993,1557911320.05505,1557911320.427865,0.3728151321411133,0.11321330070495605,0.48602843284606934
96,1557911321.0409172,1557911320.9129012,1557911321.07582,1557911321.40998,0.33416008949279785,0.12801599502563477,0.4621760845184326
97,1557911322.0480213,1557911321.9257624,1557911322.296382,1557911322.728227,0.43184494972229004,0.12225890159606934,0.5541038513183594
98,1557911323.105429,1557911322.937885,1557911323.141871,1557911323.477973,0.3361020088195801,0.16754388809204102,0.5036458969116211
99,1557911324.024461,1557911323.9497292,1557911324.063574,1557911324.410546,0.3469719886779785,0.07473182678222656,0.4217038154602051
100,1557911325.0565026,1557911324.9617186,1557911325.095992,1557911325.568732,0.47273993492126465,0.09478402137756348,0.5675239562988281
101,1557911326.0930614,1557911325.9739578,1557911326.134157,1557911326.471517,0.337360143661499,0.11910367012023926,0.4564638137817383
102,1557911327.1244369,1557911326.9868925,1557911327.1607552,1557911327.494931,0.33417582511901855,0.1375443935394287,0.47172021865844727
103,1557911328.0715966,1557911327.9991949,1557911328.111279,1557911328.520644,0.4093649387359619,0.07240176200866699,0.4817667007446289
104,1557911329.3584864,1557911329.0131896,1557911329.3947608,1557911329.769578,0.3748171329498291,0.34529685974121094,0.72011399269104
105,1557911330.0885508,1557911330.0258546,1557911330.128283,1557911330.6134539,0.485170841217041,0.06269621849060059,0.5478670597076416
106,1557911331.1445386,1557911331.0372741,1557911331.183983,1557911331.566294,0.3823108673095703,0.10726451873779297,0.4895753860473633
107,1557911332.1578288,1557911332.048424,1557911332.196983,1557911332.563792,0.3668088912963867,0.1094048023223877,0.4762136936187744
108,1557911333.2026956,1557911333.059877,1557911333.241062,1557911333.708916,0.46785402297973633,0.14281868934631348,0.6106727123260498
109,1557911334.1441932,1557911334.0717778,1557911334.1853108,1557911334.6374118,0.4521009922027588,0.07241535186767578,0.5245163440704346
110,1557911335.2663195,1557911335.0845053,1557911335.3027802,1557911335.721019,0.41823887825012207,0.18181419372558594,0.600053071975708
111,1557911336.3783321,1557911336.097054,1557911336.416039,1557911336.749514,0.33347511291503906,0.281278133392334,0.614753246307373
112,1557911337.2751448,1557911337.1080432,1557911337.3103108,1557911337.693886,0.3835752010345459,0.16710162162780762,0.5506768226623535
113,1557911338.3363545,1557911338.1196067,1557911338.372255,1557911338.765568,0.393312931060791,0.21674776077270508,0.6100606918334961
114,1557911339.3699374,1557911339.1303794,1557911339.298341,1557911339.632552,0.3342108726501465,0.23955798149108887,0.5737688541412354
115,1557911340.3918195,1557911340.1423712,1557911340.428,1557911340.890128,0.4621279239654541,0.24944829940795898,0.7115762233734131
116,1557911341.4455528,1557911341.1539881,1557911341.408094,1557911341.743852,0.3357579708099365,0.2915647029876709,0.6273226737976074
117,1557911342.2329369,1557911342.1668308,1557911342.492291,1557911342.8276222,0.3353312015533447,0.06610608100891113,0.40143728256225586
118,1557911343.3075173,1557911343.1783214,1557911343.3427482,1557911343.745635,0.40288686752319336,0.1291959285736084,0.5320827960968018
119,1557911344.2619011,1557911344.1897185,1557911344.3014,1557911344.664675,0.36327505111694336,0.07218265533447266,0.435457706451416
120,1557911345.318531,1557911345.2010946,1557911345.357333,1557911345.73373,0.37639713287353516,0.11743640899658203,0.4938335418701172
121,1557911346.2737136,1557911346.2128296,1557911346.371885,1557911346.7591732,0.38728809356689453,0.06088399887084961,0.44817209243774414
122,1557911347.360647,1557911347.2253664,1557911347.397422,1557911347.788322,0.3908998966217041,0.13528060913085938,0.5261805057525635
123,1557911348.3144002,1557911348.237308,1557911348.353307,1557911348.684876,0.33156895637512207,0.07709217071533203,0.4086611270904541
124,1557911349.3463802,1557911349.2426345,1557911349.6456711,1557911349.989636,0.3439648151397705,0.10374569892883301,0.4477105140686035
125,1557911350.3253505,1557911350.2549677,1557911350.365465,1557911350.732713,0.3672480583190918,0.07038283348083496,0.43763089179992676
126,1557911351.3754318,1557911351.2680273,1557911351.415149,1557911351.798738,0.3835890293121338,0.10740447044372559,0.4909934997558594
127,1557911352.3893366,1557911352.280767,1557911352.430022,1557911352.82601,0.39598798751831055,0.10856962203979492,0.5045576095581055
128,1557911353.3491244,1557911353.2943356,1557911353.390508,1557911353.721731,0.3312230110168457,0.054788827896118164,0.38601183891296387
129,1557911354.4642427,1557911354.3059292,1557911354.5023699,1557911354.948454,0.44608402252197266,0.15831351280212402,0.6043975353240967
130,1557911355.4888847,1557911355.317974,1557911355.526027,1557911355.876945,0.3509180545806885,0.17091059684753418,0.5218286514282227
131,1557911356.6642466,1557911356.329418,1557911356.700231,1557911357.0328,0.332568883895874,0.33482861518859863,0.6673974990844727
132,1557911357.466705,1557911357.3420715,1557911357.559068,1557911357.954232,0.39516401290893555,0.1246335506439209,0.5197975635528564
133,1557911358.4593904,1557911358.3538704,1557911358.5570471,1557911358.891155,0.3341078758239746,0.10552000999450684,0.43962788581848145
134,1557911359.5072873,1557911359.3582847,1557911359.54346,1557911359.9187481,0.3752882480621338,0.1490025520324707,0.5242908000946045
135,1557911360.4127285,1557911360.3627925,1557911360.4557009,1557911360.831649,0.3759481906890869,0.04993605613708496,0.4258842468261719
136,1557911361.4652448,1557911361.3680556,1557911361.5614278,1557911362.003603,0.44217514991760254,0.09718918800354004,0.5393643379211426
137,1557911362.5076408,1557911362.3736234,1557911362.753718,1557911363.088187,0.3344690799713135,0.1340174674987793,0.4684865474700928
138,1557911363.4320722,1557911363.3803065,1557911363.533999,1557911363.9250221,0.3910231590270996,0.05176568031311035,0.44278883934020996
139,1557911364.4911616,1557911364.3852394,1557911364.531345,1557911364.908933,0.37758803367614746,0.10592222213745117,0.48351025581359863
140,1557911365.4844222,1557911365.3908734,1557911365.5245821,1557911365.9473288,0.4227466583251953,0.09354877471923828,0.5162954330444336
141,1557911366.5039165,1557911366.3959,1557911366.543899,1557911366.881187,0.33728790283203125,0.1080164909362793,0.44530439376831055
142,1557911367.4528902,1557911367.4019234,1557911367.491649,1557911367.88753,0.39588117599487305,0.050966739654541016,0.44684791564941406
143,1557911368.5674365,1557911368.4069502,1557911368.604666,1557911369.00575,0.40108394622802734,0.16048622131347656,0.5615701675415039
144,1557911369.4597847,1557911369.4123244,1557911369.725392,1557911370.0639439,0.33855175971984863,0.047460317611694336,0.38601207733154297
145,1557911370.5129035,1557911370.418374,1557911370.553757,1557911370.919064,0.365307092666626,0.09452939033508301,0.459836483001709
146,1557911371.529373,1557911371.4241164,1557911371.5699348,1557911371.992243,0.42230820655822754,0.10525655746459961,0.5275647640228271
147,1557911372.5425012,1557911372.4305065,1557911372.5816221,1557911372.916985,0.33536291122436523,0.11199474334716797,0.4473576545715332
148,1557911373.5544815,1557911373.43416,1557911373.5302901,1557911373.9173331,0.3870429992675781,0.12032151222229004,0.5073645114898682
149,1557911374.5403626,1557911374.4379928,1557911374.584182,1557911374.9768631,0.3926811218261719,0.10236978530883789,0.49505090713500977
150,1557911375.4934144,1557911375.4438136,1557911375.5325902,1557911375.8841689,0.3515787124633789,0.049600839614868164,0.40117955207824707
151,1557911376.6115015,1557911376.4480796,1557911376.861837,1557911377.240294,0.37845706939697266,0.1634218692779541,0.5418789386749268
152,1557911377.5109391,1557911377.452112,1557911377.551969,1557911377.883824,0.33185505867004395,0.05882716178894043,0.3906822204589844
153,1557911378.5481634,1557911378.4571333,1557911378.645895,1557911379.035506,0.38961100578308105,0.09103012084960938,0.48064112663269043
154,1557911379.5570526,1557911379.4621985,1557911379.5978642,1557911379.931723,0.3338589668273926,0.09485411643981934,0.4287130832672119
155,1557911380.5759015,1557911380.4674265,1557911380.672152,1557911381.0396311,0.3674790859222412,0.1084749698638916,0.4759540557861328
156,1557911381.5190365,1557911381.4724965,1557911381.5595849,1557911381.89343,0.3338451385498047,0.046540021896362305,0.380385160446167
157,1557911382.5689135,1557911382.4770687,1557911382.666524,1557911383.049878,0.38335394859313965,0.09184479713439941,0.47519874572753906
158,1557911383.8957276,1557911383.482242,1557911383.8279052,1557911384.2234929,0.395587682723999,0.4134855270385742,0.8090732097625732
159,1557911384.5396755,1557911384.4867964,1557911384.580262,1557911384.9134061,0.3331441879272461,0.05287909507751465,0.38602328300476074
160,1557911385.615402,1557911385.4913228,1557911385.6700199,1557911386.082169,0.41214919090270996,0.12407922744750977,0.5362284183502197
161,1557911386.5872822,1557911386.4963007,1557911386.627697,1557911386.9608948,0.33319783210754395,0.09098148345947266,0.4241793155670166
162,1557911387.6073992,1557911387.5013113,1557911387.646868,1557911388.026806,0.37993812561035156,0.10608792304992676,0.4860260486602783
163,1557911388.5554607,1557911388.5063207,1557911388.595513,1557911388.925399,0.32988595962524414,0.049139976501464844,0.379025936126709
164,1557911389.6665466,1557911389.5135338,1557911389.918786,1557911390.348095,0.4293088912963867,0.15301275253295898,0.5823216438293457
165,1557911390.5837982,1557911390.520249,1557911390.612243,1557911390.995281,0.3830380439758301,0.06354928016662598,0.44658732414245605
166,1557911391.680269,1557911391.5244913,1557911391.725792,1557911392.1365962,0.41080427169799805,0.1557776927947998,0.5665819644927979
167,1557911392.6207118,1557911392.529934,1557911392.661272,1557911393.072852,0.41157984733581543,0.09077787399291992,0.5023577213287354
168,1557911393.7434266,1557911393.5364325,1557911393.7811,1557911394.120468,0.3393678665161133,0.20699405670166016,0.5463619232177734
169,1557911394.718178,1557911394.5417454,1557911394.8108401,1557911395.201809,0.39096879959106445,0.17643260955810547,0.5674014091491699
170,1557911395.659782,1557911395.5487714,1557911395.69742,1557911396.045951,0.34853100776672363,0.11101055145263672,0.45954155921936035
171,1557911396.6560194,1557911396.554518,1557911396.9141529,1557911397.309216,0.3950631618499756,0.10150146484375,0.4965646266937256
172,1557911397.6169171,1557911397.5595422,1557911397.717663,1557911398.109176,0.3915128707885742,0.05737495422363281,0.44888782501220703
173,1557911398.6719196,1557911398.5639925,1557911398.711735,1557911399.150089,0.4383540153503418,0.10792708396911621,0.546281099319458
174,1557911399.8449476,1557911399.569665,1557911399.8850071,1557911400.270068,0.38506078720092773,0.275282621383667,0.6603434085845947
175,1557911400.8670228,1557911400.5743566,1557911400.894407,1557911401.2667382,0.3723311424255371,0.2926661968231201,0.6649973392486572
176,1557911401.7459462,1557911401.5807672,1557911401.731595,1557911402.0666661,0.3350710868835449,0.16517901420593262,0.5002501010894775
177,1557911402.9617968,1557911402.5853992,1557911403.005744,1557911403.397001,0.39125704765319824,0.37639760971069336,0.7676546573638916
178,1557911403.9839756,1557911403.5897546,1557911404.1187391,1557911404.4716198,0.35288071632385254,0.39422106742858887,0.7471017837524414
179,1557911404.7367804,1557911404.5949762,1557911404.821685,1557911405.201762,0.38007688522338867,0.14180421829223633,0.521881103515625
180,1557911405.7110426,1557911405.6000078,1557911405.747719,1557911406.085818,0.33809900283813477,0.11103487014770508,0.44913387298583984
181,1557911406.7069936,1557911406.6048634,1557911406.746599,1557911407.138032,0.3914330005645752,0.10213017463684082,0.493563175201416
182,1557911407.7097955,1557911407.6092172,1557911407.750169,1557911408.182349,0.43217992782592773,0.10057830810546875,0.5327582359313965
183,1557911408.66641,1557911408.6141868,1557911408.706556,1557911409.0411491,0.3345930576324463,0.05222320556640625,0.38681626319885254
184,1557911409.7722108,1557911409.6192276,1557911409.808251,1557911410.206998,0.39874720573425293,0.1529831886291504,0.5517303943634033
185,1557911410.9370835,1557911410.625451,1557911410.9720118,1557911411.386329,0.41431713104248047,0.3116323947906494,0.7259495258331299
186,1557911411.6814895,1557911411.6327815,1557911411.720692,1557911412.055309,0.33461713790893555,0.04870796203613281,0.38332509994506836
187,1557911412.7349384,1557911412.638476,1557911412.774473,1557911413.186858,0.4123849868774414,0.09646248817443848,0.5088474750518799
188,1557911413.7465255,1557911413.6433034,1557911413.7866359,1557911414.174275,0.38763904571533203,0.10322213172912598,0.490861177444458
189,1557911414.7075412,1557911414.648692,1557911414.80288,1557911415.142802,0.3399219512939453,0.058849334716796875,0.3987712860107422
190,1557911415.826269,1557911415.6541185,1557911415.850955,1557911416.186348,0.33539295196533203,0.1721503734588623,0.5075433254241943
191,1557911416.7575758,1557911416.6600804,1557911417.01088,1557911417.363709,0.3528289794921875,0.09749531745910645,0.45032429695129395
192,1557911417.717883,1557911417.6665301,1557911417.87901,1557911418.2310839,0.35207390785217285,0.05135297775268555,0.4034268856048584
193,1557911418.7228472,1557911418.6719193,1557911418.7638779,1557911419.097757,0.3338792324066162,0.05092787742614746,0.38480710983276367
194,1557911419.824087,1557911419.6777744,1557911419.861441,1557911420.264081,0.40264010429382324,0.14631247520446777,0.548952579498291
195,1557911420.7315226,1557911420.6828573,1557911420.7719288,1557911421.1084,0.3364713191986084,0.04866528511047363,0.38513660430908203
196,1557911421.778725,1557911421.689047,1557911421.819081,1557911422.153718,0.334636926651001,0.08967781066894531,0.4243147373199463
197,1557911422.748739,1557911422.6946325,1557911422.904517,1557911423.286906,0.3823890686035156,0.05410647392272949,0.4364955425262451
198,1557911423.7989028,1557911423.700508,1557911424.048438,1557911424.438501,0.3900628089904785,0.09839463233947754,0.48845744132995605
199,1557911424.816415,1557911424.7067866,1557911424.855046,1557911425.202713,0.34766697883605957,0.10962843894958496,0.45729541778564453
200,1557911425.8070533,1557911425.712096,1557911425.846856,1557911426.1806,0.3337438106536865,0.09495735168457031,0.42870116233825684
201,1557911426.810275,1557911426.7175202,1557911426.849709,1557911427.186485,0.3367760181427002,0.09275484085083008,0.4295308589935303
202,1557911427.8253784,1557911427.7226546,1557911427.865802,1557911428.202134,0.336331844329834,0.10272383689880371,0.4390556812286377
203,1557911428.82421,1557911428.7270367,1557911428.864686,1557911429.199116,0.3344299793243408,0.09717321395874023,0.43160319328308105
204,1557911429.8202536,1557911429.732091,1557911429.859555,1557911430.197247,0.3376920223236084,0.08816266059875488,0.4258546829223633
205,1557911430.850978,1557911430.7380414,1557911431.153729,1557911431.515802,0.3620729446411133,0.11293649673461914,0.4750094413757324
206,1557911431.8635268,1557911431.7443585,1557911431.898174,1557911432.2863731,0.3881990909576416,0.11916828155517578,0.5073673725128174
207,1557911432.8126595,1557911432.7497818,1557911432.853734,1557911433.264175,0.41044092178344727,0.06287765502929688,0.47331857681274414
208,1557911433.846984,1557911433.7549355,1557911433.888324,1557911434.2259529,0.3376288414001465,0.09204840660095215,0.42967724800109863
209,1557911434.8708382,1557911434.7596345,1557911434.912343,1557911435.27828,0.3659369945526123,0.11120367050170898,0.4771406650543213
210,1557911435.8703382,1557911435.765543,1557911435.909734,1557911436.243327,0.33359289169311523,0.10479521751403809,0.4383881092071533
211,1557911436.8221927,1557911436.770724,1557911436.862768,1557911437.258142,0.395374059677124,0.051468610763549805,0.44684267044067383
212,1557911437.8665595,1557911437.776134,1557911438.120816,1557911438.500727,0.379910945892334,0.09042549133300781,0.4703364372253418
213,1557911438.8805196,1557911438.780676,1557911438.919274,1557911439.296148,0.3768739700317383,0.09984374046325684,0.4767177104949951
214,1557911439.8850925,1557911439.7852097,1557911439.925704,1557911440.3276038,0.4018998146057129,0.09988284111022949,0.5017826557159424
215,1557911440.8540525,1557911440.7910216,1557911440.9501052,1557911441.285441,0.33533573150634766,0.06303095817565918,0.39836668968200684
216,1557911441.894492,1557911441.7972307,1557911441.936456,1557911442.282745,0.34628891944885254,0.09726119041442871,0.44355010986328125
217,1557911442.9012284,1557911442.8026707,1557911442.941209,1557911443.27661,0.3354008197784424,0.09855771064758301,0.4339585304260254
218,1557911443.9239602,1557911443.8073635,1557911443.964453,1557911444.343387,0.3789339065551758,0.11659669876098633,0.4955306053161621
219,1557911444.8636644,1557911444.8124142,1557911445.127417,1557911445.460007,0.33258986473083496,0.05125021934509277,0.38384008407592773
220,1557911445.936965,1557911445.8170245,1557911445.97379,1557911446.321847,0.3480570316314697,0.11994051933288574,0.46799755096435547
221,1557911446.9183226,1557911446.8219476,1557911446.958852,1557911447.348019,0.38916683197021484,0.0963749885559082,0.48554182052612305
222,1557911447.878453,1557911447.827006,1557911447.973604,1557911448.3762698,0.4026658535003662,0.05144691467285156,0.4541127681732178
223,1557911448.9449732,1557911448.8324132,1557911448.9827962,1557911449.3775,0.39470386505126953,0.11256003379821777,0.5072638988494873
224,1557911449.9388814,1557911449.8376155,1557911449.976892,1557911450.3364382,0.3595461845397949,0.10126590728759766,0.4608120918273926
225,1557911450.8892975,1557911450.8419282,1557911450.933187,1557911451.328752,0.3955650329589844,0.04736924171447754,0.4429342746734619
226,1557911452.1505675,1557911451.846868,1557911452.1878731,1557911452.576586,0.38871288299560547,0.3036994934082031,0.6924123764038086
227,1557911452.9009194,1557911452.8518176,1557911452.941507,1557911453.332061,0.39055395126342773,0.049101829528808594,0.43965578079223633
228,1557911453.9479814,1557911453.8572106,1557911454.046269,1557911454.445479,0.39920997619628906,0.09077072143554688,0.48998069763183594
229,1557911454.9909544,1557911454.8640225,1557911455.029447,1557911455.461335,0.4318878650665283,0.12693190574645996,0.5588197708129883
230,1557911455.9179664,1557911455.8693182,1557911455.95895,1557911456.39265,0.4336998462677002,0.04864811897277832,0.4823479652404785
231,1557911457.0262878,1557911456.8744054,1557911457.062351,1557911457.435908,0.37355709075927734,0.15188241004943848,0.5254395008087158
232,1557911457.9373982,1557911457.8812168,1557911458.189955,1557911458.614053,0.42409801483154297,0.05618143081665039,0.48027944564819336
233,1557911459.1846936,1557911458.8878305,1557911459.22424,1557911459.674562,0.45032191276550293,0.2968630790710449,0.7471849918365479
234,1557911459.969016,1557911459.8921,1557911460.008216,1557911460.398874,0.3906581401824951,0.07691597938537598,0.4675741195678711
235,1557911460.9986632,1557911460.8974266,1557911461.037082,1557911461.4215212,0.38443922996520996,0.10123658180236816,0.4856758117675781
236,1557911462.226552,1557911461.9039848,1557911462.09663,1557911462.4834619,0.38683176040649414,0.3225672245025635,0.7093989849090576
237,1557911463.036164,1557911462.9089866,1557911463.070744,1557911463.469566,0.3988220691680908,0.12717747688293457,0.5259995460510254
238,1557911464.0944836,1557911463.9139152,1557911464.007555,1557911464.45035,0.4427950382232666,0.18056845664978027,0.6233634948730469
239,1557911465.2448454,1557911464.9202495,1557911465.281894,1557911465.616102,0.33420801162719727,0.32459592819213867,0.6588039398193359
240,1557911466.0182045,1557911465.9250288,1557911466.0579581,1557911466.411934,0.353975772857666,0.09317564964294434,0.44715142250061035
241,1557911467.0296752,1557911466.930511,1557911467.069448,1557911467.405578,0.33612990379333496,0.09916424751281738,0.43529415130615234
242,1557911467.986359,1557911467.9344542,1557911468.027472,1557911468.429584,0.4021120071411133,0.05190467834472656,0.45401668548583984
243,1557911469.030262,1557911468.938882,1557911469.125417,1557911469.525281,0.39986395835876465,0.09137988090515137,0.491243839263916
244,1557911470.0385287,1557911469.9431336,1557911470.0782962,1557911470.413099,0.33480286598205566,0.09539508819580078,0.43019795417785645
245,1557911471.0440845,1557911470.9479392,1557911471.299138,1557911471.637851,0.3387129306793213,0.0961453914642334,0.4348583221435547
246,1557911472.0582695,1557911471.9518554,1557911472.0965211,1557911472.43244,0.3359189033508301,0.1064140796661377,0.4423329830169678
247,1557911473.060493,1557911472.9562376,1557911473.098272,1557911473.437554,0.3392817974090576,0.10425543785095215,0.44353723526000977
248,1557911474.0092306,1557911473.9613097,1557911474.0482152,1557911474.381782,0.33356690406799316,0.047920942306518555,0.3814878463745117
249,1557911475.1181102,1557911474.9654045,1557911475.211277,1557911475.5929382,0.38166117668151855,0.15270566940307617,0.5343668460845947
250,1557911476.2224252,1557911475.970368,1557911476.264748,1557911476.666709,0.4019608497619629,0.2520573139190674,0.6540181636810303
251,1557911477.081904,1557911476.9751985,1557911477.122122,1557911477.463034,0.340911865234375,0.1067054271697998,0.4476172924041748
252,1557911478.0717692,1557911477.9792356,1557911478.37511,1557911478.709516,0.33440613746643066,0.09253358840942383,0.4269397258758545
253,1557911479.0904474,1557911478.9839675,1557911479.1299288,1557911479.465965,0.33603620529174805,0.10647988319396973,0.4425160884857178
254,1557911480.0400186,1557911479.9885404,1557911480.080517,1557911480.444485,0.3639678955078125,0.05147814750671387,0.41544604301452637
255,1557911481.0956676,1557911480.993174,1557911481.133497,1557911481.516658,0.3831610679626465,0.1024935245513916,0.4856545925140381
256,1557911482.10061,1557911481.9988992,1557911482.138327,1557911482.4730449,0.3347179889678955,0.10171079635620117,0.4364287853240967
257,1557911483.1104953,1557911483.0035136,1557911483.151405,1557911483.537141,0.38573598861694336,0.10698175430297852,0.4927177429199219
258,1557911484.0564876,1557911484.007854,1557911484.0976589,1557911484.433875,0.3362162113189697,0.048633575439453125,0.38484978675842285
259,1557911485.3377914,1557911485.0122313,1557911485.375092,1557911485.760016,0.38492393493652344,0.3255600929260254,0.7104840278625488
260,1557911486.0780272,1557911486.0176795,1557911486.117573,1557911486.450512,0.33293890953063965,0.060347795486450195,0.39328670501708984
261,1557911487.129195,1557911487.0225568,1557911487.2269619,1557911487.563859,0.3368971347808838,0.10663819313049316,0.44353532791137695
262,1557911488.15251,1557911488.0278685,1557911488.1917741,1557911488.528347,0.33657288551330566,0.12464141845703125,0.4612143039703369
263,1557911489.1328905,1557911489.0335708,1557911489.172899,1557911489.559148,0.3862490653991699,0.0993196964263916,0.4855687618255615
264,1557911490.1374388,1557911490.039743,1557911490.177155,1557911490.570009,0.3928539752960205,0.09769582748413086,0.49054980278015137
265,1557911491.168578,1557911491.0454874,1557911491.4193869,1557911491.818689,0.39930224418640137,0.12309050559997559,0.522392749786377
266,1557911492.1000755,1557911492.0502074,1557911492.139741,1557911492.473178,0.3334369659423828,0.049868106842041016,0.38330507278442383
267,1557911493.1630216,1557911493.0558546,1557911493.198912,1557911493.580671,0.3817591667175293,0.10716700553894043,0.4889261722564697
268,1557911494.1685698,1557911494.0598648,1557911494.2048619,1557911494.5529509,0.34808897972106934,0.10870504379272461,0.45679402351379395
269,1557911495.1726928,1557911495.0649445,1557911495.20918,1557911495.600395,0.39121484756469727,0.10774827003479004,0.4989631175994873
270,1557911496.117384,1557911496.0699015,1557911496.158719,1557911496.540577,0.38185787200927734,0.04748249053955078,0.4293403625488281
271,1557911497.1660476,1557911497.0755398,1557911497.205538,1557911497.617225,0.41168689727783203,0.09050774574279785,0.5021946430206299
272,1557911498.1951652,1557911498.0814698,1557911498.451336,1557911498.836556,0.3852200508117676,0.11369538307189941,0.498915433883667
273,1557911499.2088892,1557911499.089183,1557911499.249842,1557911499.655975,0.40613317489624023,0.1197061538696289,0.5258393287658691
274,1557911500.197466,1557911500.0948546,1557911500.2390869,1557911500.577809,0.33872222900390625,0.10261130332946777,0.441333532333374
275,1557911501.2091222,1557911501.099455,1557911501.249671,1557911501.586676,0.3370048999786377,0.10966706275939941,0.4466719627380371
276,1557911502.2041187,1557911502.1041887,1557911502.245192,1557911502.580509,0.33531689643859863,0.0999300479888916,0.43524694442749023
277,1557911503.208258,1557911503.108675,1557911503.249455,1557911503.5898151,0.340360164642334,0.09958291053771973,0.4399430751800537
278,1557911504.2178335,1557911504.1134984,1557911504.260081,1557911504.668538,0.40845704078674316,0.10433506965637207,0.5127921104431152
279,1557911505.2162886,1557911505.1183455,1557911505.4822881,1557911505.819958,0.33766984939575195,0.09794306755065918,0.43561291694641113
280,1557911506.2590244,1557911506.1239564,1557911506.296977,1557911506.630649,0.33367204666137695,0.13506793975830078,0.46873998641967773
281,1557911507.232067,1557911507.1290612,1557911507.2721632,1557911507.608391,0.3362278938293457,0.10300588607788086,0.43923377990722656
282,1557911508.2413092,1557911508.133316,1557911508.281722,1557911508.657864,0.3761420249938965,0.10799312591552734,0.48413515090942383
283,1557911509.1891375,1557911509.139994,1557911509.23091,1557911509.5686462,0.3377361297607422,0.04914355278015137,0.38687968254089355
284,1557911510.2429655,1557911510.1449804,1557911510.283559,1557911510.648775,0.3652160167694092,0.09798502922058105,0.46320104598999023
285,1557911511.2633226,1557911511.1512403,1557911511.303234,1557911511.6852279,0.38199377059936523,0.11208224296569824,0.4940760135650635
286,1557911512.2657573,1557911512.1561112,1557911512.535348,1557911512.904972,0.36962413787841797,0.10964608192443848,0.47927021980285645
287,1557911513.2104876,1557911513.1612868,1557911513.310037,1557911513.6897118,0.37967491149902344,0.04920077323913574,0.4288756847381592
288,1557911514.2683914,1557911514.1690047,1557911514.307842,1557911514.7072911,0.39944911003112793,0.09938669204711914,0.49883580207824707
289,1557911515.2779658,1557911515.1739733,1557911515.375747,1557911515.705457,0.3297100067138672,0.10399246215820312,0.4337024688720703
290,1557911516.2887821,1557911516.1803565,1557911516.328699,1557911516.688685,0.3599858283996582,0.10842561721801758,0.4684114456176758
291,1557911517.2768915,1557911517.1875381,1557911517.317879,1557911517.698982,0.3811030387878418,0.08935332298278809,0.4704563617706299
292,1557911518.2957065,1557911518.19287,1557911518.333731,1557911518.686619,0.3528881072998047,0.10283660888671875,0.45572471618652344
293,1557911519.2497284,1557911519.1983204,1557911519.5114071,1557911519.8442981,0.33289098739624023,0.05140805244445801,0.38429903984069824
294,1557911520.3030279,1557911520.2052145,1557911520.342285,1557911520.728822,0.3865370750427246,0.09781336784362793,0.48435044288635254
295,1557911521.3177693,1557911521.210412,1557911521.3579302,1557911521.694323,0.336392879486084,0.10735726356506348,0.44375014305114746
296,1557911522.3487515,1557911522.2155821,1557911522.38273,1557911522.7190552,0.33632516860961914,0.13316941261291504,0.4694945812225342
297,1557911523.3343172,1557911523.2213051,1557911523.375429,1557911523.810713,0.4352841377258301,0.11301207542419434,0.5482962131500244
298,1557911524.5586185,1557911524.2263358,1557911524.457561,1557911524.874957,0.41739606857299805,0.33228278160095215,0.7496788501739502
299,1557911525.940308,1557911525.2327485,1557911525.9875472,1557911526.655214,0.6676669120788574,0.7075595855712891,1.3752264976501465
300,1557911526.4441516,1557911526.2380793,1557911526.6906312,1557911527.028491,0.3378598690032959,0.20607233047485352,0.5439321994781494
301,1557911527.3474514,1557911527.2426536,1557911527.429282,1557911527.848272,0.4189901351928711,0.1047978401184082,0.5237879753112793
302,1557911528.3080633,1557911528.2479525,1557911528.35085,1557911528.710727,0.3598768711090088,0.06011080741882324,0.41998767852783203
303,1557911529.3597898,1557911529.253506,1557911529.461477,1557911529.887627,0.426149845123291,0.10628390312194824,0.5324337482452393
304,1557911530.3609846,1557911530.2607422,1557911530.404575,1557911530.7414858,0.3369107246398926,0.10024237632751465,0.4371531009674072
305,1557911531.3640153,1557911531.2671509,1557911531.4058108,1557911531.7427142,0.33690333366394043,0.09686446189880371,0.43376779556274414
306,1557911532.3256974,1557911532.2723055,1557911532.424715,1557911532.814133,0.3894178867340088,0.05339193344116211,0.4428098201751709
307,1557911533.6508994,1557911533.27809,1557911533.686034,1557911534.022528,0.33649396896362305,0.37280941009521484,0.7093033790588379
308,1557911534.3941526,1557911534.2822554,1557911534.4323099,1557911534.766525,0.3342151641845703,0.11189723014831543,0.44611239433288574
309,1557911535.4672234,1557911535.2879126,1557911535.50501,1557911535.83965,0.3346400260925293,0.17931079864501953,0.5139508247375488
310,1557911536.534835,1557911536.2929928,1557911536.571564,1557911536.95277,0.38120603561401367,0.24184226989746094,0.6230483055114746
311,1557911537.4017372,1557911537.2995968,1557911537.442585,1557911537.778064,0.3354790210723877,0.10214042663574219,0.4376194477081299
312,1557911538.4572062,1557911538.3054538,1557911538.498032,1557911538.8329089,0.33487677574157715,0.15175247192382812,0.4866292476654053
313,1557911539.4168212,1557911539.3108768,1557911539.4591382,1557911539.841027,0.38188886642456055,0.10594439506530762,0.48783326148986816
314,1557911540.6002975,1557911540.3179364,1557911540.63875,1557911540.9738061,0.3350560665130615,0.2823610305786133,0.6174170970916748
315,1557911541.4602025,1557911541.3243554,1557911541.496952,1557911541.8537052,0.3567531108856201,0.1358470916748047,0.4926002025604248
316,1557911542.4796011,1557911542.328975,1557911542.515341,1557911542.944098,0.4287569522857666,0.15062618255615234,0.579383134841919
317,1557911543.3869774,1557911543.334293,1557911543.4267411,1557911543.761643,0.3349018096923828,0.05268454551696777,0.3875863552093506
318,1557911544.4290688,1557911544.3392785,1557911544.4703948,1557911544.856508,0.38611316680908203,0.08979034423828125,0.4759035110473633
319,1557911545.4143085,1557911545.3438687,1557911545.51475,1557911545.908434,0.39368391036987305,0.07043981552124023,0.4641237258911133
320,1557911546.4558485,1557911546.3509982,1557911546.498507,1557911546.842568,0.34406089782714844,0.10485029220581055,0.448911190032959
321,1557911547.6231012,1557911547.357314,1557911547.660028,1557911548.000626,0.34059810638427734,0.26578712463378906,0.6063852310180664
322,1557911548.4125836,1557911548.3623154,1557911548.453849,1557911548.845949,0.39209985733032227,0.05026817321777344,0.4423680305480957
323,1557911549.4564998,1557911549.3674138,1557911549.55343,1557911549.887343,0.33391284942626953,0.08908605575561523,0.42299890518188477
324,1557911550.4963484,1557911550.3732069,1557911550.532556,1557911550.867282,0.33472585678100586,0.12314152717590332,0.4578673839569092
325,1557911551.4274495,1557911551.377812,1557911551.469187,1557911551.867477,0.39828991889953613,0.049637556076049805,0.44792747497558594
326,1557911552.5279212,1557911552.3843145,1557911552.5661778,1557911553.010423,0.4442451000213623,0.14360666275024414,0.5878517627716064
327,1557911553.4393635,1557911553.3904624,1557911553.69362,1557911554.042141,0.34852099418640137,0.04890108108520508,0.39742207527160645
328,1557911554.5147636,1557911554.3939672,1557911554.554353,1557911554.9483962,0.3940432071685791,0.12079644203186035,0.5148396492004395
329,1557911555.4978807,1557911555.397726,1557911555.539998,1557911555.898663,0.35866498947143555,0.10015463829040527,0.4588196277618408
330,1557911556.454802,1557911556.4017832,1557911556.498108,1557911556.8309472,0.3328392505645752,0.053018808364868164,0.38585805892944336
331,1557911557.6046062,1557911557.4074948,1557911557.642174,1557911558.025318,0.38314390182495117,0.1971113681793213,0.5802552700042725
332,1557911558.4735026,1557911558.4127786,1557911558.510574,1557911558.8440962,0.33352208137512207,0.06072402000427246,0.39424610137939453
333,1557911559.5434408,1557911559.4176726,1557911559.583955,1557911559.916204,0.3322489261627197,0.12576818466186523,0.45801711082458496
334,1557911560.4798822,1557911560.4219556,1557911560.7369661,1557911561.072282,0.3353159427642822,0.05792665481567383,0.39324259757995605
335,1557911561.538559,1557911561.4249785,1557911561.578003,1557911561.967584,0.38958096504211426,0.11358046531677246,0.5031614303588867
336,1557911562.538299,1557911562.4282484,1557911562.578641,1557911562.9894269,0.4107859134674072,0.11005067825317383,0.520836591720581
337,1557911563.541573,1557911563.4337206,1557911563.584121,1557911563.919102,0.33498096466064453,0.10785245895385742,0.44283342361450195
338,1557911564.5431616,1557911564.4408991,1557911564.583707,1557911564.971811,0.3881039619445801,0.10226249694824219,0.49036645889282227
339,1557911565.5101519,1557911565.4472833,1557911565.550658,1557911565.8839722,0.3333141803741455,0.06286859512329102,0.3961827754974365
340,1557911566.573399,1557911566.4517622,1557911566.667764,1557911567.011878,0.3441140651702881,0.12163686752319336,0.46575093269348145
341,1557911567.570154,1557911567.4572918,1557911567.823828,1557911568.210051,0.38622307777404785,0.11286211013793945,0.4990851879119873
342,1557911568.5291946,1557911568.4656694,1557911568.687124,1557911569.0753882,0.38826417922973633,0.06352519989013672,0.45178937911987305
343,1557911569.6091394,1557911569.473007,1557911569.649867,1557911569.9843462,0.33447909355163574,0.13613247871398926,0.470611572265625
344,1557911570.5947785,1557911570.4772387,1557911570.691131,1557911571.030937,0.33980584144592285,0.11753988265991211,0.45734572410583496
345,1557911571.9004686,1557911571.4814374,1557911571.864723,1557911572.291115,0.4263920783996582,0.41903114318847656,0.8454232215881348
346,1557911572.63055,1557911572.4861646,1557911572.67075,1557911573.069643,0.3988931179046631,0.14438533782958984,0.5432784557342529
347,1557911573.5646756,1557911573.4905796,1557911573.610196,1557911573.992503,0.3823068141937256,0.0740959644317627,0.4564027786254883
348,1557911574.5929694,1557911574.494435,1557911574.847874,1557911575.296917,0.44904303550720215,0.09853434562683105,0.5475773811340332
349,1557911575.557158,1557911575.4980085,1557911575.602762,1557911575.9826632,0.3799011707305908,0.05914950370788574,0.43905067443847656
350,1557911576.609545,1557911576.5068505,1557911576.762404,1557911577.1459188,0.3835148811340332,0.10269451141357422,0.4862093925476074
351,1557911577.5737755,1557911577.5128734,1557911577.619101,1557911578.054203,0.4351019859313965,0.06090211868286133,0.4960041046142578
352,1557911578.8359752,1557911578.5169885,1557911578.8746278,1557911579.301168,0.4265401363372803,0.3189866542816162,0.7455267906188965
353,1557911581.2078323,1557911579.5219467,1557911581.282422,1557911581.914118,0.6316959857940674,1.6858856678009033,2.3175816535949707
354,1557911581.2320619,1557911580.527349,1557911581.919549,1557911582.295607,0.37605810165405273,0.7047128677368164,1.0807709693908691
355,1557911581.6509748,1557911581.5316632,1557911582.3306339,1557911582.8336241,0.5029902458190918,0.11931157112121582,0.6223018169403076
356,1557911582.6688747,1557911582.5378232,1557911582.869858,1557911583.206799,0.3369410037994385,0.13105154037475586,0.46799254417419434
357,1557911583.6605258,1557911583.5433118,1557911583.70221,1557911584.1241848,0.42197489738464355,0.11721396446228027,0.5391888618469238
358,1557911584.6077135,1557911584.5484874,1557911584.648714,1557911585.04798,0.39926600456237793,0.059226036071777344,0.4584920406341553
359,1557911585.6536195,1557911585.554418,1557911585.80568,1557911586.19153,0.3858499526977539,0.09920144081115723,0.48505139350891113
360,1557911586.7864525,1557911586.560131,1557911586.827661,1557911587.162587,0.33492588996887207,0.22632145881652832,0.5612473487854004
361,1557911587.7546008,1557911587.5658646,1557911587.757791,1557911588.104302,0.3465108871459961,0.1887362003326416,0.5352470874786377
362,1557911588.9892573,1557911588.5723114,1557911588.975305,1557911589.309788,0.33448290824890137,0.4169459342956543,0.7514288425445557
363,1557911589.6306698,1557911589.578182,1557911589.731827,1557911590.064517,0.3326900005340576,0.052487850189208984,0.3851778507232666
364,1557911590.67909,1557911590.5834885,1557911590.777279,1557911591.111609,0.33433008193969727,0.09560155868530273,0.429931640625
365,1557911591.6397786,1557911591.588634,1557911591.6807199,1557911592.013281,0.3325612545013428,0.05114459991455078,0.38370585441589355
366,1557911592.688566,1557911592.5942814,1557911592.726137,1557911593.063468,0.33733105659484863,0.0942845344543457,0.43161559104919434
367,1557911593.7015646,1557911593.5990026,1557911593.743145,1557911594.076761,0.3336160182952881,0.10256195068359375,0.43617796897888184
368,1557911594.7174404,1557911594.604476,1557911594.967851,1557911595.364559,0.39670801162719727,0.11296439170837402,0.5096724033355713
369,1557911595.7964356,1557911595.6103325,1557911595.753428,1557911596.088855,0.33542704582214355,0.18610310554504395,0.5215301513671875
370,1557911596.826581,1557911596.6157088,1557911596.865362,1557911597.202524,0.3371620178222656,0.21087217330932617,0.5480341911315918
371,1557911597.6871152,1557911597.621375,1557911597.7866359,1557911598.199836,0.41320013999938965,0.06574010848999023,0.4789402484893799
372,1557911598.6850133,1557911598.6268232,1557911598.726909,1557911599.127921,0.4010121822357178,0.058190107345581055,0.45920228958129883
373,1557911599.730926,1557911599.6328256,1557911599.771391,1557911600.104219,0.3328280448913574,0.09810042381286621,0.43092846870422363
374,1557911600.7528436,1557911600.6380038,1557911600.794308,1557911601.206435,0.4121270179748535,0.11483979225158691,0.5269668102264404
375,1557911601.697604,1557911601.6424904,1557911601.950107,1557911602.2849119,0.3348047733306885,0.05511355400085449,0.38991832733154297
376,1557911602.8009198,1557911602.6479578,1557911602.840633,1557911603.2513812,0.4107482433319092,0.15296196937561035,0.5637102127075195
377,1557911603.7667925,1557911603.6544054,1557911603.805473,1557911604.141826,0.3363528251647949,0.11238718032836914,0.44874000549316406
378,1557911604.7653973,1557911604.659434,1557911604.806943,1557911605.140156,0.33321309089660645,0.10596323013305664,0.4391763210296631
379,1557911605.716425,1557911605.6634805,1557911605.814178,1557911606.190124,0.375946044921875,0.05294442176818848,0.4288904666900635
380,1557911606.7729318,1557911606.667748,1557911606.813935,1557911607.202869,0.3889338970184326,0.10518383979797363,0.49411773681640625
381,1557911607.7659578,1557911607.6709886,1557911607.808769,1557911608.171078,0.36230897903442383,0.09496927261352539,0.4572782516479492
382,1557911608.7759774,1557911608.6751318,1557911609.031874,1557911609.3904939,0.35861992835998535,0.1008455753326416,0.45946550369262695
383,1557911609.740526,1557911609.6797886,1557911609.781215,1557911610.116366,0.33515095710754395,0.06073737144470215,0.3958883285522461
384,1557911610.8494885,1557911610.6851382,1557911610.886802,1557911611.280165,0.39336299896240234,0.16435027122497559,0.5577132701873779
385,1557911611.8018608,1557911611.6898491,1557911611.841685,1557911612.2453382,0.4036531448364258,0.11201167106628418,0.51566481590271
386,1557911612.7500427,1557911612.6949015,1557911612.79052,1557911613.1760712,0.38555121421813965,0.05514121055603027,0.4406924247741699
387,1557911613.8269124,1557911613.700892,1557911613.8632119,1557911614.196582,0.3333702087402344,0.1260204315185547,0.45939064025878906
388,1557911614.7530744,1557911614.7053378,1557911614.853621,1557911615.187028,0.333406925201416,0.04773664474487305,0.38114356994628906
389,1557911616.0826647,1557911615.7112224,1557911616.120516,1557911616.4726439,0.3521277904510498,0.3714423179626465,0.7235701084136963
390,1557911616.831652,1557911616.7161624,1557911616.872002,1557911617.266459,0.3944571018218994,0.11548948287963867,0.5099465847015381
391,1557911617.773099,1557911617.7206426,1557911617.810692,1557911618.142555,0.3318629264831543,0.05245637893676758,0.3843193054199219
392,1557911618.8777153,1557911618.725041,1557911618.915906,1557911619.304722,0.38881611824035645,0.15267443656921387,0.5414905548095703
393,1557911619.8221447,1557911619.730044,1557911619.863275,1557911620.21964,0.3563649654388428,0.09210085868835449,0.44846582412719727
394,1557911620.813031,1557911620.735611,1557911620.913705,1557911621.2999551,0.38625001907348633,0.07741999626159668,0.463670015335083
395,1557911621.8562405,1557911621.7411766,1557911622.108155,1557911622.444421,0.33626604080200195,0.11506390571594238,0.45132994651794434
396,1557911622.8032546,1557911622.74454,1557911622.8992882,1557911623.2333288,0.33404064178466797,0.05871462821960449,0.39275527000427246
397,1557911623.91363,1557911623.749082,1557911623.952111,1557911624.351834,0.3997230529785156,0.16454792022705078,0.5642709732055664
398,1557911624.8646634,1557911624.7539518,1557911624.904661,1557911625.2887812,0.38412022590637207,0.11071157455444336,0.49483180046081543
399,1557911625.8627212,1557911625.758263,1557911625.902634,1557911626.295021,0.39238715171813965,0.10445809364318848,0.4968452453613281
400,1557911626.8713956,1557911626.7629035,1557911626.909309,1557911627.243096,0.333787202835083,0.10849213600158691,0.4422793388366699
401,1557911627.8736231,1557911627.766628,1557911627.9160938,1557911628.297497,0.38140320777893066,0.1069951057434082,0.48839831352233887
402,1557911628.8681517,1557911628.7709987,1557911629.122444,1557911629.455375,0.3329310417175293,0.0971529483795166,0.4300839900970459
403,1557911629.8849473,1557911629.7751267,1557911629.92506,1557911630.257742,0.33268189430236816,0.10982060432434082,0.442502498626709
404,1557911630.8859742,1557911630.7808087,1557911630.926801,1557911631.321054,0.3942530155181885,0.10516548156738281,0.4994184970855713
405,1557911631.8448234,1557911631.7875695,1557911631.886885,1557911632.265921,0.37903618812561035,0.05725383758544922,0.43629002571105957
406,1557911633.0164325,1557911632.7934644,1557911633.054646,1557911633.599216,0.5445699691772461,0.22296810150146484,0.7675380706787109
407,1557911633.908568,1557911633.7988093,1557911633.952788,1557911634.291367,0.3385789394378662,0.10975861549377441,0.4483375549316406
408,1557911634.8850858,1557911634.8042974,1557911634.9197,1557911635.301356,0.3816561698913574,0.08078837394714355,0.462444543838501
409,1557911636.1936288,1557911635.8097293,1557911636.233438,1557911636.614417,0.380979061126709,0.383899450302124,0.764878511428833
410,1557911636.9859269,1557911636.8147955,1557911637.0252929,1557911637.3614619,0.3361690044403076,0.17113137245178223,0.5073003768920898
411,1557911637.885553,1557911637.8200605,1557911637.925559,1557911638.3232439,0.39768481254577637,0.06549239158630371,0.4631772041320801
412,1557911638.960949,1557911638.825842,1557911638.9993382,1557911639.368983,0.3696448802947998,0.13510704040527344,0.5047519207000732
413,1557911639.9323368,1557911639.8309054,1557911639.972218,1557911640.3226721,0.35045409202575684,0.10143136978149414,0.451885461807251
414,1557911640.9657962,1557911640.8356915,1557911641.0072632,1557911641.4261448,0.4188816547393799,0.13010478019714355,0.5489864349365234
415,1557911641.8973858,1557911641.8415403,1557911642.150713,1557911642.5586789,0.40796589851379395,0.05584549903869629,0.46381139755249023
416,1557911642.9678347,1557911642.8467937,1557911643.006191,1557911643.398351,0.39215993881225586,0.12104105949401855,0.5132009983062744
417,1557911643.9601884,1557911643.8513155,1557911644.001149,1557911644.365055,0.3639061450958252,0.10887289047241211,0.4727790355682373
418,1557911645.6336749,1557911644.8579085,1557911645.670825,1557911646.104209,0.4333839416503906,0.7757663726806641,1.2091503143310547
419,1557911645.940526,1557911645.8639867,1557911646.138917,1557911646.471184,0.33226704597473145,0.07653927803039551,0.40880632400512695
420,1557911647.0207224,1557911646.8690233,1557911647.059721,1557911647.394901,0.33518004417419434,0.15169906616210938,0.4868791103363037
421,1557911647.9322865,1557911647.874845,1557911647.974773,1557911648.307847,0.33307409286499023,0.05744147300720215,0.3905155658721924
422,1557911649.2891705,1557911648.8809855,1557911649.446759,1557911649.824734,0.3779749870300293,0.4081850051879883,0.7861599922180176
423,1557911650.1202755,1557911649.8875306,1557911650.0709279,1557911650.474806,0.40387821197509766,0.23274493217468262,0.6366231441497803
424,1557911651.1700833,1557911650.8919961,1557911651.130256,1557911651.510129,0.37987303733825684,0.27808713912963867,0.6579601764678955
425,1557911652.0095818,1557911651.8973715,1557911652.051543,1557911652.4376929,0.38614988327026367,0.11221027374267578,0.49836015701293945
426,1557911652.9571939,1557911652.9019694,1557911652.9993,1557911653.382756,0.3834559917449951,0.05522441864013672,0.43868041038513184
427,1557911654.112053,1557911653.9071152,1557911654.100237,1557911654.530686,0.4304490089416504,0.20493769645690918,0.6353867053985596
428,1557911654.9783359,1557911654.9126024,1557911655.079819,1557911655.4161,0.33628106117248535,0.06573343276977539,0.40201449394226074
429,1557911656.0813785,1557911655.9184186,1557911656.334691,1557911656.750768,0.4160768985748291,0.16295981407165527,0.5790367126464844
430,1557911657.029012,1557911656.923993,1557911657.0712461,1557911657.404068,0.3328218460083008,0.10501885414123535,0.43784070014953613
431,1557911658.0504858,1557911657.9292364,1557911658.092686,1557911658.426985,0.33429908752441406,0.12124943733215332,0.4555485248565674
432,1557911658.9911516,1557911658.9343677,1557911659.032492,1557911659.377675,0.3451831340789795,0.05678391456604004,0.40196704864501953
433,1557911660.0323634,1557911659.9398055,1557911660.131737,1557911660.585954,0.45421695709228516,0.09255790710449219,0.5467748641967773
434,1557911661.0601678,1557911660.9438224,1557911661.096968,1557911661.45135,0.3543820381164551,0.11634540557861328,0.47072744369506836
435,1557911662.0064476,1557911661.9493382,1557911662.0475368,1557911662.437101,0.38956403732299805,0.05710935592651367,0.4466733932495117
436,1557911663.2794404,1557911662.95427,1557911663.315451,1557911663.700093,0.3846421241760254,0.32517051696777344,0.7098126411437988
437,1557911664.0157645,1557911663.9595876,1557911664.057216,1557911664.4407868,0.38357090950012207,0.05617690086364746,0.43974781036376953
438,1557911665.0563164,1557911664.963309,1557911665.098722,1557911665.434598,0.3358759880065918,0.09300732612609863,0.42888331413269043
439,1557911666.0544536,1557911665.9679108,1557911666.09581,1557911666.4304109,0.33460092544555664,0.08654284477233887,0.4211437702178955
440,1557911667.076597,1557911666.9728215,1557911667.116213,1557911667.549035,0.43282198905944824,0.1037755012512207,0.536597490310669
441,1557911668.0312855,1557911667.9767234,1557911668.1265619,1557911668.46517,0.3386080265045166,0.05456209182739258,0.3931701183319092
442,1557911669.0798686,1557911668.981275,1557911669.339326,1557911669.732738,0.39341211318969727,0.09859347343444824,0.4920055866241455
443,1557911670.095425,1557911669.9868915,1557911670.137815,1557911670.526619,0.38880395889282227,0.10853338241577148,0.49733734130859375
444,1557911671.1053984,1557911670.9914494,1557911671.146289,1557911671.4791,0.3328108787536621,0.11394906044006348,0.4467599391937256
445,1557911672.0585134,1557911671.995935,1557911672.101583,1557911672.504782,0.4031989574432373,0.06257843971252441,0.4657773971557617
446,1557911673.1062658,1557911673.000819,1557911673.203336,1557911673.60386,0.4005239009857178,0.10544681549072266,0.5059707164764404
447,1557911674.0997179,1557911674.006876,1557911674.140981,1557911674.472964,0.3319830894470215,0.09284186363220215,0.42482495307922363
448,1557911675.1118295,1557911675.0124974,1557911675.154311,1557911675.594233,0.4399220943450928,0.09933209419250488,0.5392541885375977
449,1557911676.2967772,1557911676.0186145,1557911676.3351061,1557911676.6679358,0.33282971382141113,0.27816271781921387,0.610992431640625
450,1557911677.1212265,1557911677.0230932,1557911677.161158,1557911677.4964151,0.33525705337524414,0.09813332557678223,0.43339037895202637
451,1557911678.1279047,1557911678.028854,1557911678.168275,1557911678.502288,0.3340129852294922,0.09905076026916504,0.4330637454986572
452,1557911679.1450565,1557911679.033625,1557911679.185117,1557911679.564942,0.3798248767852783,0.11143159866333008,0.4912564754486084
453,1557911680.099585,1557911680.0386677,1557911680.141047,1557911680.559222,0.41817498207092285,0.06091737747192383,0.4790923595428467
454,1557911681.1443384,1557911681.0437446,1557911681.186013,1557911681.543385,0.3573720455169678,0.10059380531311035,0.4579658508300781
455,1557911682.2039988,1557911682.048274,1557911682.4606311,1557911682.8969631,0.43633198738098145,0.15572476387023926,0.5920567512512207
456,1557911683.1183345,1557911683.0529597,1557911683.160532,1557911683.5123188,0.35178685188293457,0.06537485122680664,0.4171617031097412
457,1557911684.227739,1557911684.0584743,1557911684.266753,1557911684.5993211,0.3325681686401367,0.1692647933959961,0.5018329620361328
458,1557911685.1239598,1557911685.062508,1557911685.16474,1557911685.49815,0.33341002464294434,0.06145167350769043,0.39486169815063477
459,1557911686.159976,1557911686.0682266,1557911686.2007039,1557911686.59097,0.39026618003845215,0.09174942970275879,0.48201560974121094
460,1557911687.1406198,1557911687.0741947,1557911687.240186,1557911687.574035,0.3338489532470703,0.06642508506774902,0.40027403831481934
461,1557911688.1924274,1557911688.0779324,1557911688.231605,1557911688.6200302,0.3884251117706299,0.11449503898620605,0.5029201507568359
462,1557911689.1352766,1557911689.0819488,1557911689.3925722,1557911689.81794,0.4253678321838379,0.05332779884338379,0.4786956310272217
463,1557911690.1987336,1557911690.0866911,1557911690.295708,1557911690.6859882,0.39028024673461914,0.11204242706298828,0.5023226737976074
464,1557911691.1450865,1557911691.0926073,1557911691.188905,1557911691.583027,0.3941218852996826,0.05247926712036133,0.44660115242004395
465,1557911692.1968565,1557911692.0983708,1557911692.2374349,1557911692.6480231,0.41058826446533203,0.09848570823669434,0.5090739727020264
466,1557911693.2056105,1557911693.1031876,1557911693.244914,1557911693.665913,0.42099905014038086,0.10242295265197754,0.5234220027923584
467,1557911694.1635153,1557911694.1078072,1557911694.2028,1557911694.627,0.42420005798339844,0.05570816993713379,0.4799082279205322
468,1557911695.2690728,1557911695.112222,1557911695.307837,1557911695.7510269,0.4431898593902588,0.15685081481933594,0.6000406742095947
469,1557911696.3917572,1557911696.1173038,1557911696.649258,1557911696.993251,0.3439931869506836,0.27445340156555176,0.6184465885162354
470,1557911697.2453306,1557911697.1209226,1557911697.2870631,1557911697.7294052,0.44234204292297363,0.12440800666809082,0.5667500495910645
471,1557911699.0443056,1557911698.1237354,1557911699.129314,1557911699.5493882,0.4200742244720459,0.9205701351165771,1.340644359588623
472,1557911699.196175,1557911699.1277199,1557911699.584332,1557911699.95788,0.3735480308532715,0.06845521926879883,0.4420032501220703
473,1557911700.2976105,1557911700.13422,1557911700.334894,1557911700.721132,0.38623809814453125,0.1633906364440918,0.549628734588623
474,1557911701.2531054,1557911701.140105,1557911701.298314,1557911701.715609,0.417294979095459,0.11300039291381836,0.5302953720092773
475,1557911702.215064,1557911702.1442785,1557911702.2559571,1557911702.5968962,0.3409390449523926,0.0707855224609375,0.4117245674133301
476,1557911703.5673482,1557911703.1501307,1557911703.605225,1557911704.0224571,0.41723203659057617,0.417217493057251,0.8344495296478271
477,1557911704.2962055,1557911704.1549008,1557911704.334478,1557911704.697269,0.3627910614013672,0.14130473136901855,0.5040957927703857
478,1557911705.212613,1557911705.161181,1557911705.251986,1557911705.58573,0.3337440490722656,0.051432132720947266,0.3851761817932129
479,1557911706.2589571,1557911706.167138,1557911706.409879,1557911706.77104,0.3611609935760498,0.09181904792785645,0.45298004150390625
480,1557911707.280516,1557911707.1702886,1557911707.321441,1557911707.6927571,0.37131619453430176,0.11022734642028809,0.48154354095458984
481,1557911708.2947578,1557911708.175667,1557911708.332619,1557911708.714489,0.3818700313568115,0.11909079551696777,0.5009608268737793
482,1557911709.2496467,1557911709.1810243,1557911709.294681,1557911709.630753,0.3360719680786133,0.06862235069274902,0.4046943187713623
483,1557911710.51151,1557911710.185405,1557911710.551107,1557911710.993565,0.4424581527709961,0.32610487937927246,0.7685630321502686
484,1557911711.4213588,1557911711.1903362,1557911711.3226528,1557911711.70817,0.3855171203613281,0.23102259635925293,0.616539716720581
485,1557911712.4849513,1557911712.1944954,1557911712.427243,1557911712.760557,0.3333139419555664,0.29045581817626953,0.6237697601318359
486,1557911713.5711708,1557911713.1999035,1557911713.613431,1557911714.038051,0.4246199131011963,0.37126731872558594,0.7958872318267822
487,1557911714.316298,1557911714.2038226,1557911714.357059,1557911714.745891,0.38883209228515625,0.11247539520263672,0.501307487487793
488,1557911715.3625042,1557911715.2089186,1557911715.400369,1557911715.7338688,0.3334999084472656,0.15358567237854004,0.48708558082580566
489,1557911716.425138,1557911716.2134645,1557911716.468165,1557911716.85005,0.3818850517272949,0.21167349815368652,0.5935585498809814
490,1557911717.5642586,1557911717.2192252,1557911717.601375,1557911717.997953,0.3965778350830078,0.3450334072113037,0.7416112422943115
491,1557911718.2797098,1557911718.2230265,1557911718.322055,1557911718.706604,0.3845489025115967,0.05668330192565918,0.44123220443725586
492,1557911719.3417306,1557911719.228304,1557911719.384777,1557911719.72297,0.3381929397583008,0.11342668533325195,0.45161962509155273
493,1557911720.3358128,1557911720.232882,1557911720.43355,1557911720.768411,0.33486104011535645,0.10293078422546387,0.4377918243408203
494,1557911721.32287,1557911721.2372587,1557911721.418864,1557911721.7634,0.34453606605529785,0.08561134338378906,0.4301474094390869
495,1557911722.3352554,1557911722.2414846,1557911722.376914,1557911722.71529,0.3383760452270508,0.09377074241638184,0.4321467876434326
496,1557911723.3386502,1557911723.2471414,1557911723.596762,1557911724.023168,0.4264061450958252,0.09150886535644531,0.5179150104522705
497,1557911724.3559089,1557911724.2506444,1557911724.403261,1557911724.742312,0.3390510082244873,0.10526442527770996,0.44431543350219727
498,1557911725.3733294,1557911725.2566948,1557911725.407771,1557911725.743539,0.3357679843902588,0.11663460731506348,0.45240259170532227
499,1557911726.3176858,1557911726.262396,1557911726.356937,1557911726.708319,0.3513820171356201,0.05528974533081055,0.40667176246643066
