id,network_delay,platform,processing_delay
0,0.10295915603637695,aws_greengrass,0.3825089931488037
1,0.09210896492004395,aws_greengrass,0.3440849781036377
2,0.0800027847290039,aws_greengrass,0.39389610290527344
3,0.07477116584777832,aws_greengrass,0.3522660732269287
4,0.09141230583190918,aws_greengrass,0.3464949131011963
5,0.0940389633178711,aws_greengrass,0.4050099849700928
6,0.06970596313476562,aws_greengrass,0.371196985244751
7,0.07418203353881836,aws_greengrass,0.377748966217041
8,0.07339787483215332,aws_greengrass,0.3914148807525635
9,0.08966517448425293,aws_greengrass,0.34926390647888184
10,0.1488189697265625,aws_greengrass,0.3448469638824463
11,0.07144379615783691,aws_greengrass,0.397402286529541
12,0.07991790771484375,aws_greengrass,0.34732794761657715
13,0.08492207527160645,aws_greengrass,0.39191699028015137
14,0.0739588737487793,aws_greengrass,0.3924241065979004
15,0.07297492027282715,aws_greengrass,0.3494100570678711
16,0.07226204872131348,aws_greengrass,0.3944869041442871
17,0.08218789100646973,aws_greengrass,0.3685600757598877
18,0.07940196990966797,aws_greengrass,0.3423161506652832
19,0.07542777061462402,aws_greengrass,0.40120697021484375
20,0.07423615455627441,aws_greengrass,0.3466508388519287
21,0.11906695365905762,aws_greengrass,0.34799790382385254
22,0.18506622314453125,aws_greengrass,0.39536380767822266
23,0.07650089263916016,aws_greengrass,0.35445189476013184
24,0.08383607864379883,aws_greengrass,0.3429689407348633
25,0.14575695991516113,aws_greengrass,0.40166211128234863
26,0.2402031421661377,aws_greengrass,0.3460419178009033
27,0.3952620029449463,aws_greengrass,0.39750099182128906
28,0.3326239585876465,aws_greengrass,0.34722208976745605
29,0.08149099349975586,aws_greengrass,0.3455848693847656
30,0.07598567008972168,aws_greengrass,0.39286017417907715
31,0.07444500923156738,aws_greengrass,0.34670209884643555
32,0.08039498329162598,aws_greengrass,0.34708285331726074
33,0.07439994812011719,aws_greengrass,0.39479804039001465
34,0.08580899238586426,aws_greengrass,0.3449711799621582
35,0.07974410057067871,aws_greengrass,0.3474879264831543
36,0.07451891899108887,aws_greengrass,0.3934659957885742
37,0.07187914848327637,aws_greengrass,0.3449440002441406
38,0.1939089298248291,aws_greengrass,0.4013030529022217
39,0.09050226211547852,aws_greengrass,0.3529508113861084
40,0.08942508697509766,aws_greengrass,0.3481569290161133
41,0.07341814041137695,aws_greengrass,0.3963899612426758
42,0.07611298561096191,aws_greengrass,0.3725559711456299
43,0.07478213310241699,aws_greengrass,0.34360480308532715
44,0.07297611236572266,aws_greengrass,0.39215898513793945
45,0.07559871673583984,aws_greengrass,0.34516024589538574
46,0.07712388038635254,aws_greengrass,0.39332103729248047
47,0.07151103019714355,aws_greengrass,0.39071178436279297
48,0.08297586441040039,aws_greengrass,0.3459169864654541
49,0.14372992515563965,aws_greengrass,0.3987891674041748
50,0.24970102310180664,aws_greengrass,0.39911699295043945
51,0.09228110313415527,aws_greengrass,0.3434159755706787
52,0.08215999603271484,aws_greengrass,0.34306907653808594
53,0.07594466209411621,aws_greengrass,0.3953561782836914
54,0.07531189918518066,aws_greengrass,0.3521239757537842
55,0.07725381851196289,aws_greengrass,0.39518117904663086
56,0.08161187171936035,aws_greengrass,0.3975100517272949
57,0.07068514823913574,aws_greengrass,0.3446340560913086
58,0.08572125434875488,aws_greengrass,0.3977339267730713
59,0.07636404037475586,aws_greengrass,0.39218592643737793
60,0.17861127853393555,aws_greengrass,0.3535127639770508
61,0.10429906845092773,aws_greengrass,0.43814897537231445
62,0.07717013359069824,aws_greengrass,0.39156293869018555
63,0.07406187057495117,aws_greengrass,0.3489410877227783
64,0.08357834815979004,aws_greengrass,0.39711689949035645
65,0.07665705680847168,aws_greengrass,0.39389991760253906
66,0.07264924049377441,aws_greengrass,0.34945178031921387
67,0.0759880542755127,aws_greengrass,0.3475039005279541
68,0.07676005363464355,aws_greengrass,0.3988339900970459
69,0.07892084121704102,aws_greengrass,0.3446180820465088
70,0.08088397979736328,aws_greengrass,0.3506131172180176
71,0.08118391036987305,aws_greengrass,0.3988151550292969
72,0.08478999137878418,aws_greengrass,0.34290289878845215
73,0.07453298568725586,aws_greengrass,0.39470791816711426
74,0.09758615493774414,aws_greengrass,0.39452409744262695
75,0.07026410102844238,aws_greengrass,0.3458719253540039
76,0.07242107391357422,aws_greengrass,0.3887650966644287
77,0.07564568519592285,aws_greengrass,0.39481616020202637
78,0.08233094215393066,aws_greengrass,0.3542749881744385
79,0.0725405216217041,aws_greengrass,0.3441622257232666
80,0.08014416694641113,aws_greengrass,0.39595484733581543
81,0.11543798446655273,aws_greengrass,0.34564208984375
82,0.07014799118041992,aws_greengrass,0.41720104217529297
83,0.07753181457519531,aws_greengrass,0.3446969985961914
84,0.07810497283935547,aws_greengrass,0.34778594970703125
85,0.11513876914978027,aws_greengrass,0.4145081043243408
86,0.3701491355895996,aws_greengrass,0.3492729663848877
87,0.3579447269439697,aws_greengrass,0.39775514602661133
88,0.29160284996032715,aws_greengrass,0.4014170169830322
89,0.07568025588989258,aws_greengrass,0.348829984664917
90,0.07758069038391113,aws_greengrass,0.3489410877227783
91,0.07544612884521484,aws_greengrass,0.41924190521240234
92,0.08197879791259766,aws_greengrass,0.345034122467041
93,0.08322405815124512,aws_greengrass,0.3465430736541748
94,0.07769608497619629,aws_greengrass,0.42296695709228516
95,0.08586287498474121,aws_greengrass,0.3451850414276123
96,0.08026981353759766,aws_greengrass,0.39173007011413574
97,0.07520914077758789,aws_greengrass,0.3738999366760254
98,0.12404990196228027,aws_greengrass,0.3506760597229004
99,0.0778651237487793,aws_greengrass,0.411639928817749
100,0.07315182685852051,aws_greengrass,0.37520313262939453
101,0.06783676147460938,aws_greengrass,0.3651890754699707
102,0.06991457939147949,aws_greengrass,0.3967442512512207
103,0.06737804412841797,aws_greengrass,0.3590679168701172
104,0.07598876953125,aws_greengrass,0.3463890552520752
105,0.06902885437011719,aws_greengrass,0.3987729549407959
106,0.07580113410949707,aws_greengrass,0.364459753036499
107,0.08137130737304688,aws_greengrass,0.3459947109222412
108,0.2455277442932129,aws_greengrass,0.40151309967041016
109,0.23875164985656738,aws_greengrass,0.36113905906677246
110,0.08306503295898438,aws_greengrass,0.34329700469970703
111,0.10508537292480469,aws_greengrass,0.3607769012451172
112,0.0702660083770752,aws_greengrass,0.36553406715393066
113,0.07147789001464844,aws_greengrass,0.39382314682006836
114,0.07368135452270508,aws_greengrass,0.3642609119415283
115,0.07230877876281738,aws_greengrass,0.34569621086120605
116,0.07385897636413574,aws_greengrass,0.39190220832824707
117,0.0761411190032959,aws_greengrass,0.3446199893951416
118,0.0722188949584961,aws_greengrass,0.40212297439575195
119,0.13149762153625488,aws_greengrass,0.397064208984375
120,0.0764930248260498,aws_greengrass,0.3642570972442627
121,0.07050275802612305,aws_greengrass,0.3510150909423828
122,0.07371187210083008,aws_greengrass,0.4140350818634033
123,0.07578706741333008,aws_greengrass,0.349473237991333
124,0.08327102661132812,aws_greengrass,0.3999607563018799
125,0.08115577697753906,aws_greengrass,0.40195322036743164
126,0.07817363739013672,aws_greengrass,0.3648381233215332
127,0.07079887390136719,aws_greengrass,0.3992440700531006
128,0.08108997344970703,aws_greengrass,0.39975690841674805
129,0.08313822746276855,aws_greengrass,0.37102293968200684
130,0.08345317840576172,aws_greengrass,0.42577695846557617
131,0.0772550106048584,aws_greengrass,0.3516111373901367
132,0.17552900314331055,aws_greengrass,0.3472280502319336
133,0.07710409164428711,aws_greengrass,0.3899500370025635
134,0.07448697090148926,aws_greengrass,0.34668493270874023
135,0.07699227333068848,aws_greengrass,0.3674638271331787
136,0.08518695831298828,aws_greengrass,0.3904080390930176
137,0.08331990242004395,aws_greengrass,0.34511423110961914
138,0.07420611381530762,aws_greengrass,0.34459805488586426
139,0.08301711082458496,aws_greengrass,0.4024379253387451
140,0.07236242294311523,aws_greengrass,0.3468637466430664
141,0.0837867259979248,aws_greengrass,0.38953208923339844
142,0.07951831817626953,aws_greengrass,0.39101481437683105
143,0.12445378303527832,aws_greengrass,0.37140512466430664
144,0.10483407974243164,aws_greengrass,0.34624481201171875
145,0.40195608139038086,aws_greengrass,0.4112269878387451
146,0.31647300720214844,aws_greengrass,0.3439040184020996
147,0.2997708320617676,aws_greengrass,0.3947269916534424
148,0.21575522422790527,aws_greengrass,0.39382481575012207
149,0.08946990966796875,aws_greengrass,0.3442819118499756
150,0.07953906059265137,aws_greengrass,0.4388768672943115
151,0.08017945289611816,aws_greengrass,0.39209675788879395
152,0.08920669555664062,aws_greengrass,0.3460571765899658
153,0.0934591293334961,aws_greengrass,0.4168698787689209
154,0.09016895294189453,aws_greengrass,0.3746790885925293
155,0.08079910278320312,aws_greengrass,0.3447580337524414
156,0.0715932846069336,aws_greengrass,0.4117448329925537
157,0.07875514030456543,aws_greengrass,0.349916934967041
158,0.07733583450317383,aws_greengrass,0.349200963973999
159,0.08234310150146484,aws_greengrass,0.39701104164123535
160,0.07672476768493652,aws_greengrass,0.3452322483062744
161,0.07413911819458008,aws_greengrass,0.34742188453674316
162,0.1182711124420166,aws_greengrass,0.39850687980651855
163,0.07081031799316406,aws_greengrass,0.3465588092803955
164,0.07419586181640625,aws_greengrass,0.39802122116088867
165,0.07949090003967285,aws_greengrass,0.3999180793762207
166,0.08045625686645508,aws_greengrass,0.37083983421325684
167,0.13050508499145508,aws_greengrass,0.3983640670776367
168,0.22578191757202148,aws_greengrass,0.40883398056030273
169,0.09257078170776367,aws_greengrass,0.3645749092102051
170,0.07121014595031738,aws_greengrass,0.34939098358154297
171,0.08561086654663086,aws_greengrass,0.41800594329833984
172,0.07428264617919922,aws_greengrass,0.34540414810180664
173,0.1043999195098877,aws_greengrass,0.393665075302124
174,0.08301782608032227,aws_greengrass,0.3980560302734375
175,0.07144594192504883,aws_greengrass,0.3449361324310303
176,0.07124686241149902,aws_greengrass,0.42519307136535645
177,0.0762779712677002,aws_greengrass,0.3984501361846924
178,0.07179903984069824,aws_greengrass,0.35066699981689453
179,0.07358336448669434,aws_greengrass,0.39101171493530273
180,0.08952474594116211,aws_greengrass,0.39960718154907227
181,0.07859492301940918,aws_greengrass,0.38723206520080566
182,0.07268786430358887,aws_greengrass,0.40065717697143555
183,0.07491326332092285,aws_greengrass,0.3897726535797119
184,0.07851171493530273,aws_greengrass,0.345203161239624
185,0.16496992111206055,aws_greengrass,0.4076669216156006
186,0.18862295150756836,aws_greengrass,0.38870906829833984
187,0.07923078536987305,aws_greengrass,0.3503100872039795
188,0.07070374488830566,aws_greengrass,0.3992161750793457
189,0.08792424201965332,aws_greengrass,0.4206669330596924
190,0.07898688316345215,aws_greengrass,0.3456270694732666
191,0.08002090454101562,aws_greengrass,0.42905306816101074
192,0.0779731273651123,aws_greengrass,0.3446807861328125
193,0.0808560848236084,aws_greengrass,0.34587788581848145
194,0.08293008804321289,aws_greengrass,0.39911484718322754
195,0.07320094108581543,aws_greengrass,0.34952497482299805
196,0.08179211616516113,aws_greengrass,0.36298203468322754
197,0.1473071575164795,aws_greengrass,0.3939030170440674
198,0.20696187019348145,aws_greengrass,0.3453481197357178
199,0.07399988174438477,aws_greengrass,0.40186095237731934
200,0.07341670989990234,aws_greengrass,0.34867215156555176
201,0.07492613792419434,aws_greengrass,0.3469200134277344
202,0.06980586051940918,aws_greengrass,0.41679906845092773
203,0.08049726486206055,aws_greengrass,0.3976249694824219
204,0.07401299476623535,aws_greengrass,0.371553897857666
205,0.3016550540924072,aws_greengrass,0.414294958114624
206,0.3721740245819092,aws_greengrass,0.38490796089172363
207,0.2305588722229004,aws_greengrass,0.36747002601623535
208,0.17973041534423828,aws_greengrass,0.3936738967895508
209,0.08289027214050293,aws_greengrass,0.3969087600708008
210,0.07677388191223145,aws_greengrass,0.3654470443725586
211,0.08442091941833496,aws_greengrass,0.34340691566467285
212,0.0702972412109375,aws_greengrass,0.4141099452972412
213,0.06502819061279297,aws_greengrass,0.3717169761657715
214,0.07119226455688477,aws_greengrass,0.34926581382751465
215,0.07557797431945801,aws_greengrass,0.39794015884399414
216,0.06553792953491211,aws_greengrass,0.37557005882263184
217,0.06849503517150879,aws_greengrass,0.35681700706481934
218,0.10630536079406738,aws_greengrass,0.39522385597229004
219,0.09495711326599121,aws_greengrass,0.3676340579986572
220,0.1751399040222168,aws_greengrass,0.34753894805908203
221,0.06947898864746094,aws_greengrass,0.40651583671569824
222,0.06945610046386719,aws_greengrass,0.3726198673248291
223,0.07931995391845703,aws_greengrass,0.365764856338501
224,0.0678548812866211,aws_greengrass,0.40731000900268555
225,0.06830620765686035,aws_greengrass,0.3635399341583252
226,0.07364082336425781,aws_greengrass,0.34447598457336426
227,0.2510340213775635,aws_greengrass,0.38190293312072754
228,0.08527398109436035,aws_greengrass,0.364764928817749
229,0.07349991798400879,aws_greengrass,0.34671616554260254
230,0.072052001953125,aws_greengrass,0.40264105796813965
231,0.06797480583190918,aws_greengrass,0.3619060516357422
232,0.07661890983581543,aws_greengrass,0.39238715171813965
233,0.07044172286987305,aws_greengrass,0.39202117919921875
234,0.0691690444946289,aws_greengrass,0.3719949722290039
235,0.0754537582397461,aws_greengrass,0.368009090423584
236,0.06638312339782715,aws_greengrass,0.39493680000305176
237,0.0728602409362793,aws_greengrass,0.3513038158416748
238,0.0741739273071289,aws_greengrass,0.3484818935394287
239,0.06521105766296387,aws_greengrass,0.3921811580657959
240,0.06508588790893555,aws_greengrass,0.35532593727111816
241,0.06493115425109863,aws_greengrass,0.3963749408721924
242,0.0720682144165039,aws_greengrass,0.39632391929626465
243,0.07009196281433105,aws_greengrass,0.34995007514953613
244,0.08004283905029297,aws_greengrass,0.35141706466674805
245,0.06604576110839844,aws_greengrass,0.40324997901916504
246,0.06841278076171875,aws_greengrass,0.3542821407318115
247,0.11809992790222168,aws_greengrass,0.3442051410675049
248,0.09892630577087402,aws_greengrass,0.39328980445861816
249,0.08399319648742676,aws_greengrass,0.34783482551574707
250,0.07505583763122559,aws_greengrass,0.41908717155456543
251,0.06963133811950684,aws_greengrass,0.3746778964996338
252,0.0692899227142334,aws_greengrass,0.3497169017791748
253,0.0670766830444336,aws_greengrass,0.4155111312866211
254,0.0756690502166748,aws_greengrass,0.38316798210144043
255,0.06464409828186035,aws_greengrass,0.350567102432251
256,0.07611799240112305,aws_greengrass,0.39446306228637695
257,0.0688619613647461,aws_greengrass,0.34995603561401367
258,0.1193082332611084,aws_greengrass,0.35035085678100586
259,0.07570195198059082,aws_greengrass,0.40418291091918945
260,0.07390809059143066,aws_greengrass,0.34980297088623047
261,0.07110905647277832,aws_greengrass,0.3488428592681885
262,0.06447792053222656,aws_greengrass,0.3976900577545166
263,0.06573915481567383,aws_greengrass,0.34822893142700195
264,0.06763577461242676,aws_greengrass,0.4477500915527344
265,0.13052105903625488,aws_greengrass,0.36576008796691895
266,0.4854729175567627,aws_greengrass,0.39655017852783203
267,0.24216675758361816,aws_greengrass,0.35093021392822266
268,0.2635059356689453,aws_greengrass,0.3446838855743408
269,0.07036304473876953,aws_greengrass,0.3540670871734619
270,0.08800387382507324,aws_greengrass,0.3947639465332031
271,0.07045269012451172,aws_greengrass,0.3509402275085449
272,0.06321191787719727,aws_greengrass,0.35213613510131836
273,0.05949807167053223,aws_greengrass,0.40365099906921387
274,0.07483172416687012,aws_greengrass,0.38211607933044434
275,0.07622480392456055,aws_greengrass,0.3718130588531494
276,0.07252001762390137,aws_greengrass,0.3916490077972412
277,0.07044005393981934,aws_greengrass,0.35132908821105957
278,0.10649800300598145,aws_greengrass,0.35062193870544434
279,0.08237695693969727,aws_greengrass,0.39273905754089355
280,0.06592297554016113,aws_greengrass,0.35216522216796875
281,0.07182598114013672,aws_greengrass,0.37604594230651855
282,0.0659630298614502,aws_greengrass,0.396406888961792
283,0.06931471824645996,aws_greengrass,0.3478820323944092
284,0.0679478645324707,aws_greengrass,0.39597296714782715
285,0.07429289817810059,aws_greengrass,0.39914393424987793
286,0.2583949565887451,aws_greengrass,0.3740270137786865
287,0.08263969421386719,aws_greengrass,0.34449100494384766
288,0.07753396034240723,aws_greengrass,0.40068817138671875
289,0.0690910816192627,aws_greengrass,0.3459639549255371
290,0.07651901245117188,aws_greengrass,0.3969438076019287
291,0.06740474700927734,aws_greengrass,0.39354825019836426
292,0.06412076950073242,aws_greengrass,0.34544801712036133
293,0.06515693664550781,aws_greengrass,0.3428061008453369
294,0.06712913513183594,aws_greengrass,0.3936607837677002
295,0.0796821117401123,aws_greengrass,0.3527069091796875
296,0.16547393798828125,aws_greengrass,0.38468408584594727
297,0.07110810279846191,aws_greengrass,0.40427088737487793
298,0.062299489974975586,aws_greengrass,0.34926271438598633
299,0.06550192832946777,aws_greengrass,0.34714388847351074
300,0.0921022891998291,aws_greengrass,0.4192328453063965
301,0.0711829662322998,aws_greengrass,0.3466370105743408
302,0.06742691993713379,aws_greengrass,0.34348201751708984
303,0.059477806091308594,aws_greengrass,0.3944571018218994
304,0.07173490524291992,aws_greengrass,0.34800004959106445
305,0.08649802207946777,aws_greengrass,0.42170000076293945
306,0.08574700355529785,aws_greengrass,0.3462789058685303
307,0.0796060562133789,aws_greengrass,0.34637904167175293
308,0.17791295051574707,aws_greengrass,0.39409303665161133
309,0.0732872486114502,aws_greengrass,0.3490877151489258
310,0.06650185585021973,aws_greengrass,0.3447000980377197
311,0.06407523155212402,aws_greengrass,0.4159698486328125
312,0.06539654731750488,aws_greengrass,0.3888852596282959
313,0.07967209815979004,aws_greengrass,0.37749791145324707
314,0.0700979232788086,aws_greengrass,0.42111992835998535
315,0.12539887428283691,aws_greengrass,0.3632090091705322
316,0.07283306121826172,aws_greengrass,0.36890196800231934
317,0.07064294815063477,aws_greengrass,0.35015296936035156
318,0.07161593437194824,aws_greengrass,0.3750600814819336
319,0.06621527671813965,aws_greengrass,0.3954148292541504
320,0.06481623649597168,aws_greengrass,0.35122084617614746
321,0.07160377502441406,aws_greengrass,0.4103550910949707
322,0.06459379196166992,aws_greengrass,0.3465251922607422
323,0.0784769058227539,aws_greengrass,0.3494539260864258
324,0.07446813583374023,aws_greengrass,0.4215059280395508
325,0.2492520809173584,aws_greengrass,0.34989094734191895
326,0.33118510246276855,aws_greengrass,0.4399549961090088
327,0.4339590072631836,aws_greengrass,0.3520081043243408
328,0.32669997215270996,aws_greengrass,0.3458719253540039
329,0.07378792762756348,aws_greengrass,0.3753170967102051
330,0.06689596176147461,aws_greengrass,0.4140291213989258
331,0.07405638694763184,aws_greengrass,0.3515298366546631
332,0.0666661262512207,aws_greengrass,0.3564260005950928
333,0.07079696655273438,aws_greengrass,0.40050292015075684
334,0.07235503196716309,aws_greengrass,0.34874606132507324
335,0.08061742782592773,aws_greengrass,0.36892032623291016
336,0.07439613342285156,aws_greengrass,0.39919590950012207
337,0.06383872032165527,aws_greengrass,0.36652112007141113
338,0.15779614448547363,aws_greengrass,0.3963799476623535
339,0.06338906288146973,aws_greengrass,0.3947868347167969
340,0.07451701164245605,aws_greengrass,0.34481072425842285
341,0.07019400596618652,aws_greengrass,0.4213581085205078
342,0.06345391273498535,aws_greengrass,0.34906697273254395
343,0.06394004821777344,aws_greengrass,0.344235897064209
344,0.06260108947753906,aws_greengrass,0.39945387840270996
345,0.19663000106811523,aws_greengrass,0.42638492584228516
346,0.0843362808227539,aws_greengrass,0.3485727310180664
347,0.07482695579528809,aws_greengrass,0.3681349754333496
348,0.0800929069519043,aws_greengrass,0.3926050662994385
349,0.20279455184936523,aws_greengrass,0.3681182861328125
350,0.07916975021362305,aws_greengrass,0.3695840835571289
351,0.07357215881347656,aws_greengrass,0.4062538146972656
352,0.06464219093322754,aws_greengrass,0.34834885597229004
353,0.06531405448913574,aws_greengrass,0.34439802169799805
354,0.07100772857666016,aws_greengrass,0.39418911933898926
355,0.06783771514892578,aws_greengrass,0.3441581726074219
356,0.061055898666381836,aws_greengrass,0.45644402503967285
357,0.07297515869140625,aws_greengrass,0.3930699825286865
358,0.06909680366516113,aws_greengrass,0.3430471420288086
359,0.13818120956420898,aws_greengrass,0.44786691665649414
360,0.0820002555847168,aws_greengrass,0.37508702278137207
361,0.07580113410949707,aws_greengrass,0.35165977478027344
362,0.06438779830932617,aws_greengrass,0.40496110916137695
363,0.06280279159545898,aws_greengrass,0.34600210189819336
364,0.07104897499084473,aws_greengrass,0.354032039642334
365,0.08245277404785156,aws_greengrass,0.4169912338256836
366,0.06988000869750977,aws_greengrass,0.3766438961029053
367,0.06656098365783691,aws_greengrass,0.34968996047973633
368,0.06632184982299805,aws_greengrass,0.41646599769592285
369,0.06472635269165039,aws_greengrass,0.34681177139282227
370,0.13253188133239746,aws_greengrass,0.43931102752685547
371,0.11220502853393555,aws_greengrass,0.36576390266418457
372,0.07420706748962402,aws_greengrass,0.34661197662353516
373,0.07045888900756836,aws_greengrass,0.3901820182800293
374,0.07251596450805664,aws_greengrass,0.3626248836517334
375,0.0700070858001709,aws_greengrass,0.3693239688873291
376,0.07778382301330566,aws_greengrass,0.39232897758483887
377,0.0665121078491211,aws_greengrass,0.36556386947631836
378,0.07088208198547363,aws_greengrass,0.39844703674316406
379,0.07431507110595703,aws_greengrass,0.392589807510376
380,0.059062957763671875,aws_greengrass,0.36574888229370117
381,0.07764577865600586,aws_greengrass,0.3886451721191406
382,0.07482194900512695,aws_greengrass,0.3911900520324707
383,0.13494515419006348,aws_greengrass,0.3653078079223633
384,0.06448197364807129,aws_greengrass,0.3636441230773926
385,0.06625676155090332,aws_greengrass,0.4118499755859375
386,0.08161091804504395,aws_greengrass,0.40189504623413086
387,0.13573431968688965,aws_greengrass,0.3838818073272705
388,0.17107391357421875,aws_greengrass,0.3922770023345947
389,0.22800421714782715,aws_greengrass,0.3661918640136719
390,0.0794060230255127,aws_greengrass,0.36527204513549805
391,0.07814502716064453,aws_greengrass,0.3921060562133789
392,0.07152533531188965,aws_greengrass,0.3631467819213867
393,0.07707905769348145,aws_greengrass,0.34594178199768066
394,0.07367992401123047,aws_greengrass,0.39397501945495605
395,0.06868124008178711,aws_greengrass,0.3696138858795166
396,0.07846403121948242,aws_greengrass,0.34436702728271484
397,0.08130264282226562,aws_greengrass,0.3946201801300049
398,0.07139897346496582,aws_greengrass,0.36805009841918945
399,0.06317806243896484,aws_greengrass,0.36312007904052734
400,0.17080140113830566,aws_greengrass,0.39884281158447266
401,0.06888771057128906,aws_greengrass,0.3735840320587158
402,0.06966114044189453,aws_greengrass,0.36441802978515625
403,0.07072210311889648,aws_greengrass,0.40370893478393555
404,0.10299015045166016,aws_greengrass,0.3712120056152344
405,0.07332086563110352,aws_greengrass,0.360842227935791
406,0.06991410255432129,aws_greengrass,0.39980101585388184
407,0.06989192962646484,aws_greengrass,0.3694889545440674
408,0.0757138729095459,aws_greengrass,0.35057520866394043
409,0.07956790924072266,aws_greengrass,0.4012150764465332
410,0.07906961441040039,aws_greengrass,0.37215614318847656
411,0.07722163200378418,aws_greengrass,0.42999720573425293
412,0.06781911849975586,aws_greengrass,0.3674478530883789
413,0.07356500625610352,aws_greengrass,0.36597108840942383
414,0.07421207427978516,aws_greengrass,0.39026689529418945
415,0.07904410362243652,aws_greengrass,0.35312700271606445
416,0.16693115234375,aws_greengrass,0.37392091751098633
417,0.18181347846984863,aws_greengrass,0.35196423530578613
418,0.07152605056762695,aws_greengrass,0.3504600524902344
419,0.07326006889343262,aws_greengrass,0.35173988342285156
420,0.06937408447265625,aws_greengrass,0.39781808853149414
421,0.08164596557617188,aws_greengrass,0.34643006324768066
422,0.07230496406555176,aws_greengrass,0.34995508193969727
423,0.0671091079711914,aws_greengrass,0.41045594215393066
424,0.07631993293762207,aws_greengrass,0.3497340679168701
425,0.06678199768066406,aws_greengrass,0.3497030735015869
426,0.08227014541625977,aws_greengrass,0.39920973777770996
427,0.07027029991149902,aws_greengrass,0.35207080841064453
428,0.07233595848083496,aws_greengrass,0.399075984954834
429,0.07029891014099121,aws_greengrass,0.3947901725769043
430,0.07156705856323242,aws_greengrass,0.3463168144226074
431,0.07446527481079102,aws_greengrass,0.4027278423309326
432,0.07328009605407715,aws_greengrass,0.3707399368286133
433,0.06924319267272949,aws_greengrass,0.3464627265930176
434,0.0687251091003418,aws_greengrass,0.40037989616394043
435,0.07266592979431152,aws_greengrass,0.3563649654388428
436,0.07976579666137695,aws_greengrass,0.3498501777648926
437,0.07241702079772949,aws_greengrass,0.39040374755859375
438,0.07392525672912598,aws_greengrass,0.3450927734375
439,0.07039189338684082,aws_greengrass,0.3631420135498047
440,0.06830096244812012,aws_greengrass,0.3980269432067871
441,0.07147598266601562,aws_greengrass,0.34896421432495117
442,0.06835293769836426,aws_greengrass,0.37406420707702637
443,0.06427621841430664,aws_greengrass,0.39809489250183105
444,0.07045626640319824,aws_greengrass,0.3490638732910156
445,0.07300209999084473,aws_greengrass,0.3971889019012451
446,0.18596959114074707,aws_greengrass,0.39520716667175293
447,0.3028287887573242,aws_greengrass,0.34613919258117676
448,0.2934081554412842,aws_greengrass,0.3938019275665283
449,0.1903398036956787,aws_greengrass,0.34707117080688477
450,0.06652593612670898,aws_greengrass,0.34603118896484375
451,0.08532905578613281,aws_greengrass,0.3893458843231201
452,0.07282495498657227,aws_greengrass,0.3449850082397461
453,0.06377077102661133,aws_greengrass,0.34535717964172363
454,0.0707700252532959,aws_greengrass,0.397737979888916
455,0.07252097129821777,aws_greengrass,0.34615206718444824
456,0.07759213447570801,aws_greengrass,0.3453798294067383
457,0.06478595733642578,aws_greengrass,0.3946988582611084
458,0.06834220886230469,aws_greengrass,0.34343981742858887
459,0.06657814979553223,aws_greengrass,0.3921499252319336
460,0.0744931697845459,aws_greengrass,0.39435505867004395
461,0.06827187538146973,aws_greengrass,0.3668971061706543
462,0.0681302547454834,aws_greengrass,0.4049069881439209
463,0.11007094383239746,aws_greengrass,0.39962196350097656
464,0.06735491752624512,aws_greengrass,0.3477611541748047
465,0.06409192085266113,aws_greengrass,0.40590906143188477
466,0.07551121711730957,aws_greengrass,0.39557385444641113
467,0.06433653831481934,aws_greengrass,0.34927821159362793
468,0.07744979858398438,aws_greengrass,0.34671831130981445
469,0.07749032974243164,aws_greengrass,0.39724278450012207
470,0.12203478813171387,aws_greengrass,0.3438451290130615
471,0.13668012619018555,aws_greengrass,0.3473200798034668
472,0.17786812782287598,aws_greengrass,0.41193389892578125
473,0.0699307918548584,aws_greengrass,0.3445451259613037
474,0.06285381317138672,aws_greengrass,0.3916971683502197
475,0.07143282890319824,aws_greengrass,0.3946380615234375
476,0.07951092720031738,aws_greengrass,0.3496239185333252
477,0.07414007186889648,aws_greengrass,0.4175839424133301
478,0.0731348991394043,aws_greengrass,0.3843410015106201
479,0.07185983657836914,aws_greengrass,0.34439802169799805
480,0.07346010208129883,aws_greengrass,0.3934757709503174
481,0.08313679695129395,aws_greengrass,0.37064504623413086
482,0.06684494018554688,aws_greengrass,0.3447561264038086
483,0.09689807891845703,aws_greengrass,0.40523195266723633
484,0.07957291603088379,aws_greengrass,0.35018205642700195
485,0.06923317909240723,aws_greengrass,0.36818885803222656
486,0.07659673690795898,aws_greengrass,0.39675307273864746
487,0.07251501083374023,aws_greengrass,0.3457319736480713
488,0.1034390926361084,aws_greengrass,0.35420894622802734
489,0.0690450668334961,aws_greengrass,0.3926689624786377
490,0.06691479682922363,aws_greengrass,0.3536391258239746
491,0.0834503173828125,aws_greengrass,0.3447129726409912
492,0.07086300849914551,aws_greengrass,0.3935201168060303
493,0.0737009048461914,aws_greengrass,0.3490869998931885
494,0.0660099983215332,aws_greengrass,0.39459991455078125
495,0.08907508850097656,aws_greengrass,0.3968677520751953
496,0.09073781967163086,aws_greengrass,0.3462390899658203
497,0.07252073287963867,aws_greengrass,0.3837590217590332
498,0.07394695281982422,aws_greengrass,0.3506789207458496
499,0.07344794273376465,aws_greengrass,0.34641599655151367
0,0.5237159728999999,aws_lambda,0.10735583305400001
1,0.3431661129,aws_lambda,0.105045795441
2,0.642868995667,aws_lambda,0.0904920101166
3,0.30993795394900003,aws_lambda,0.09944105148320001
4,0.347745895386,aws_lambda,0.0953860282898
5,0.266258955002,aws_lambda,0.10168004035900001
6,0.303407907486,aws_lambda,0.0969090461731
7,0.34501409530599997,aws_lambda,0.095381975174
8,0.397610902786,aws_lambda,0.09994196891780001
9,0.264889001846,aws_lambda,0.09498500823969999
10,0.296964168549,aws_lambda,0.1031498909
11,0.302156686783,aws_lambda,0.100129127502
12,0.512341022491,aws_lambda,0.09336090087889999
13,0.397102832794,aws_lambda,0.105349063873
14,0.266587257385,aws_lambda,0.09220385551449999
15,0.302027225494,aws_lambda,0.09845590591430001
16,0.42562198638899995,aws_lambda,0.102118015289
17,0.356734275818,aws_lambda,0.102521896362
18,0.314467668533,aws_lambda,0.104642152786
19,0.33122086525,aws_lambda,0.0975620746613
20,0.285358905792,aws_lambda,0.0986981391907
21,0.313961029053,aws_lambda,0.107861042023
22,0.301876068115,aws_lambda,0.110888004303
23,0.42174077034,aws_lambda,0.0982360839844
24,0.290266752243,aws_lambda,0.0965321063995
25,0.3565928936,aws_lambda,0.10165905952500001
26,0.264784812927,aws_lambda,0.0925800800323
27,0.325190067291,aws_lambda,0.0967180728912
28,0.34907412529,aws_lambda,0.0973470211029
29,0.273238182068,aws_lambda,0.10313892364499999
30,0.331361055374,aws_lambda,0.101352930069
31,0.36812996864299996,aws_lambda,0.104457139969
32,0.270497083664,aws_lambda,0.100997924805
33,0.276485204697,aws_lambda,0.0993719100952
34,0.306471824646,aws_lambda,0.0932610034943
35,0.340699195862,aws_lambda,0.0911338329315
36,0.269065141678,aws_lambda,0.09945178031919999
37,0.280347824097,aws_lambda,0.0958981513977
38,0.32963919639600003,aws_lambda,0.104070901871
39,0.35959315299999994,aws_lambda,0.09654784202580001
40,0.27209615707400003,aws_lambda,0.0958459377289
41,0.281623840332,aws_lambda,0.0950601100922
42,0.382994174957,aws_lambda,0.0909998416901
43,0.371507644653,aws_lambda,0.109176158905
44,0.397236824036,aws_lambda,0.09162807464600001
45,0.316933870316,aws_lambda,0.0956501960754
46,0.310148954391,aws_lambda,0.100358963013
47,0.47319984436000007,aws_lambda,0.09504413604739999
48,0.296315193176,aws_lambda,0.09485292434689999
49,0.379678010941,aws_lambda,0.0902419090271
50,0.372717142105,aws_lambda,0.0989518165588
51,0.265587091446,aws_lambda,0.10106086731000001
52,0.25758886337299997,aws_lambda,0.09216904640200001
53,0.278821229935,aws_lambda,0.09524893760680002
54,0.431064844131,aws_lambda,0.09523606300349999
55,0.308976888657,aws_lambda,0.0990378856659
56,0.272173881531,aws_lambda,0.0996220111847
57,0.33763408660899996,aws_lambda,0.09421014785769999
58,0.4546720981600001,aws_lambda,0.0951778888702
59,0.283158063889,aws_lambda,0.0921809673309
60,0.26557302475,aws_lambda,0.0997519493103
61,0.39208126068099997,aws_lambda,0.09298777580260001
62,0.31433796882599996,aws_lambda,0.09839200973510001
63,0.487318754196,aws_lambda,0.104904174805
64,0.538300991058,aws_lambda,0.103404998779
65,0.365256071091,aws_lambda,0.0939388275146
66,0.308071136475,aws_lambda,0.09856581687930001
67,0.517011642456,aws_lambda,0.10911822319
68,0.38131403923,aws_lambda,0.106184005737
69,0.33854413032499997,aws_lambda,0.09550285339360001
70,0.32843327522300003,aws_lambda,0.0964739322662
71,0.35625886917099997,aws_lambda,0.109152078629
72,0.311898946762,aws_lambda,0.09723901748660001
73,0.262657880783,aws_lambda,0.101716041565
74,0.401247024536,aws_lambda,0.101050138474
75,0.516374826431,aws_lambda,0.0976691246033
76,0.34565114975,aws_lambda,0.102423906326
77,0.364711046219,aws_lambda,0.101011991501
78,0.327116966248,aws_lambda,0.101217031479
79,0.30700802803000005,aws_lambda,0.104485034943
80,0.313783168793,aws_lambda,0.09369587898250001
81,0.295085906982,aws_lambda,0.09264516830439999
82,0.290372133255,aws_lambda,0.0957279205322
83,0.287556886673,aws_lambda,0.104542970657
84,0.44330477714500005,aws_lambda,0.104557037354
85,0.339747190475,aws_lambda,0.105454921722
86,0.342472791672,aws_lambda,0.10660099983200001
87,0.349488019943,aws_lambda,0.101035118103
88,0.341339111328,aws_lambda,0.0985980033875
89,0.293192148209,aws_lambda,0.10445690155
90,0.305441141129,aws_lambda,0.10962104797399999
91,0.26553106308,aws_lambda,0.106665849686
92,0.40398907661399996,aws_lambda,0.09555196762080001
93,0.39348006248499995,aws_lambda,0.0997738838196
94,0.29766821861299997,aws_lambda,0.09568190574650001
95,0.481278181076,aws_lambda,0.107923984528
96,0.391110897064,aws_lambda,0.09906697273250001
97,0.285992860794,aws_lambda,0.10398221015900001
98,0.324792861938,aws_lambda,0.096538066864
99,0.28369712829599997,aws_lambda,0.105195999146
100,0.361790180206,aws_lambda,0.09156990051269999
101,0.407212972641,aws_lambda,0.105880022049
102,0.435758113861,aws_lambda,0.100010871887
103,0.356115102768,aws_lambda,0.0929970741272
104,0.274151802063,aws_lambda,0.09563612937930001
105,0.29296803474399996,aws_lambda,0.09400987625119998
106,0.35552406310999995,aws_lambda,0.09590101242070001
107,0.438491821289,aws_lambda,0.0961201190948
108,0.293736696243,aws_lambda,0.09059214591980001
109,0.286648988724,aws_lambda,0.103317975998
110,0.35796380043000003,aws_lambda,0.104789018631
111,0.35735201835600006,aws_lambda,0.0947830677032
112,0.281838178635,aws_lambda,0.105309009552
113,0.406190872192,aws_lambda,0.100331068039
114,0.35993790626500005,aws_lambda,0.093652009964
115,0.283146619797,aws_lambda,0.10186719894400001
116,0.329842090607,aws_lambda,0.0993800163269
117,0.486888885498,aws_lambda,0.09758996963500001
118,0.287128925323,aws_lambda,0.09830808639530002
119,0.25695610046399997,aws_lambda,0.106813907623
120,0.344390869141,aws_lambda,0.105543136597
121,0.699289083481,aws_lambda,0.09207081794739999
122,0.538380146027,aws_lambda,0.09686994552610001
123,0.5640001297,aws_lambda,0.10679984092700001
124,0.392770051956,aws_lambda,0.10197496414200001
125,0.264430999756,aws_lambda,0.0976688861847
126,0.36124801635700005,aws_lambda,0.09250688552860001
127,0.290746927261,aws_lambda,0.09657406806949999
128,0.293785095215,aws_lambda,0.0985088348389
129,0.356355905533,aws_lambda,0.09141707420350001
130,0.329586744308,aws_lambda,0.0967321395874
131,0.524493932724,aws_lambda,0.10700011253399999
132,0.42456102371200005,aws_lambda,0.10831785202
133,0.314606904984,aws_lambda,0.100774049759
134,0.44789814948999995,aws_lambda,0.0974318981171
135,0.326500892639,aws_lambda,0.0960290431976
136,0.283130168915,aws_lambda,0.0949108600616
137,0.35947895049999995,aws_lambda,0.093346118927
138,0.270379781723,aws_lambda,0.102024078369
139,0.293255329132,aws_lambda,0.113568782806
140,0.442374944687,aws_lambda,0.09529590606689999
141,0.47709512710600005,aws_lambda,0.105978965759
142,0.38295412063600004,aws_lambda,0.09562993049619999
143,0.399402856827,aws_lambda,0.100974082947
144,0.48389172554,aws_lambda,0.09954309463500001
145,0.379833221436,aws_lambda,0.100122928619
146,0.328716993332,aws_lambda,0.09407305717469999
147,0.41900706291199996,aws_lambda,0.09878993034360001
148,0.40785074233999996,aws_lambda,0.0909490585327
149,0.324372053146,aws_lambda,0.100528001785
150,0.26581978797899997,aws_lambda,0.09659719467160001
151,0.314674139023,aws_lambda,0.105679035187
152,0.28920507431,aws_lambda,0.0954189300537
153,0.36264395713799996,aws_lambda,0.10016703605699999
154,0.363358736038,aws_lambda,0.10151720047
155,0.41018009185800003,aws_lambda,0.0995619297028
156,0.446178197861,aws_lambda,0.10011291503900001
157,0.325124979019,aws_lambda,0.0982019901276
158,0.350821256638,aws_lambda,0.0912218093872
159,0.347439289093,aws_lambda,0.09767079353330001
160,0.289144039154,aws_lambda,0.0991110801697
161,0.276408910751,aws_lambda,0.0976181030273
162,0.30855679512,aws_lambda,0.0966730117798
163,0.452537059784,aws_lambda,0.0983378887177
164,0.323087215424,aws_lambda,0.104276895523
165,0.478204965591,aws_lambda,0.0974299907684
166,0.310982942581,aws_lambda,0.0958869457245
167,0.315469026566,aws_lambda,0.0951669216156
168,0.399365186691,aws_lambda,0.09568691253660001
169,0.304535865784,aws_lambda,0.102646112442
170,0.297930955887,aws_lambda,0.095388174057
171,0.3279337883,aws_lambda,0.10002613067600001
172,0.40640020370499996,aws_lambda,0.0918939113617
173,0.362331867218,aws_lambda,0.10609602928200002
174,0.454029083252,aws_lambda,0.100593090057
175,0.365148067474,aws_lambda,0.09510898590089999
176,0.346066236496,aws_lambda,0.107082843781
177,0.317364931107,aws_lambda,0.0956380367279
178,0.419424057007,aws_lambda,0.09509396553039999
179,0.299630880356,aws_lambda,0.09921503067019999
180,0.46482920646700004,aws_lambda,0.119853973389
181,0.45658183097800004,aws_lambda,0.101486206055
182,1.32468509674,aws_lambda,0.0957219600677
183,0.674233913422,aws_lambda,0.0963339805603
184,0.295131921768,aws_lambda,0.09770298004149999
185,0.640737295151,aws_lambda,0.10582280159
186,0.371991872787,aws_lambda,0.09435415267939999
187,0.346590042114,aws_lambda,0.09538793563839999
188,0.32289814949,aws_lambda,0.0990438461304
189,0.378556966782,aws_lambda,0.09214711189269999
190,0.328397035599,aws_lambda,0.113718986511
191,0.291361093521,aws_lambda,0.10328793525699999
192,0.27548527717599997,aws_lambda,0.100511789322
193,0.537297010422,aws_lambda,0.10914397239700001
194,0.406701087952,aws_lambda,0.09982609748839999
195,0.401149988174,aws_lambda,0.10813999175999998
196,0.493152141571,aws_lambda,0.09656000137330001
197,0.499117851257,aws_lambda,0.0998451709747
198,0.30233001709,aws_lambda,0.100424051285
199,0.392142772675,aws_lambda,0.100365161896
200,0.38625407218900004,aws_lambda,0.108361005783
201,0.283160209656,aws_lambda,0.0992448329926
202,0.274319887161,aws_lambda,0.100050210953
203,0.431526899338,aws_lambda,0.103857040405
204,0.49274015426600004,aws_lambda,0.0999948978424
205,0.389271974564,aws_lambda,0.108705997467
206,0.47741174697899996,aws_lambda,0.10407018661499999
207,0.578081130981,aws_lambda,0.10363888740499999
208,0.326076984406,aws_lambda,0.10890102386499999
209,0.31332612037700003,aws_lambda,0.104959011078
210,0.301892995834,aws_lambda,0.104543924332
211,0.38494682312,aws_lambda,0.10442900657700001
212,0.391907930374,aws_lambda,0.10577201843299999
213,0.276203870773,aws_lambda,0.100494146347
214,0.478250026703,aws_lambda,0.10071182251000001
215,0.394067049026,aws_lambda,0.108165025711
216,0.37681293487499995,aws_lambda,0.104395151138
217,0.310328245163,aws_lambda,0.108913898468
218,0.298096179962,aws_lambda,0.110154867172
219,0.301790952682,aws_lambda,0.0994319915771
220,0.331588029861,aws_lambda,0.100049972534
221,0.269777774811,aws_lambda,0.10997509956399999
222,0.27397608756999997,aws_lambda,0.10817098617599999
223,0.532860994339,aws_lambda,0.10491394996600001
224,0.536101102829,aws_lambda,0.10767292976399999
225,0.395155906677,aws_lambda,0.10784912109400001
226,0.45640683174099994,aws_lambda,0.104962110519
227,0.375133991241,aws_lambda,0.11036300659199999
228,0.334488868713,aws_lambda,0.110037088394
229,0.320547103882,aws_lambda,0.109355926514
230,0.291789054871,aws_lambda,0.100013017654
231,0.32905292511,aws_lambda,0.10372209549
232,0.284312009811,aws_lambda,0.09474897384639999
233,0.252895832062,aws_lambda,0.104113101959
234,0.476603984833,aws_lambda,0.09943795204160001
235,0.486927270889,aws_lambda,0.109572887421
236,0.33777308464100003,aws_lambda,0.100662946701
237,0.303008079529,aws_lambda,0.109147787094
238,0.29397892952,aws_lambda,0.103070020676
239,0.313725948334,aws_lambda,0.104207992554
240,0.345368862152,aws_lambda,0.0997381210327
241,0.34714698791500004,aws_lambda,0.0994420051575
242,0.37131524085999995,aws_lambda,0.103730916977
243,1.1469688415500001,aws_lambda,0.10350203514100001
244,0.397239923477,aws_lambda,0.09872603416439998
245,0.277923822403,aws_lambda,0.0979361534119
246,0.5973570346829999,aws_lambda,0.0993349552155
247,0.371372938156,aws_lambda,0.10546302795399999
248,0.309044122696,aws_lambda,0.108821868896
249,0.630676269531,aws_lambda,0.0958049297333
250,0.340873003006,aws_lambda,0.10405707359300001
251,0.573792219162,aws_lambda,0.104314804077
252,0.464969158173,aws_lambda,0.102730989456
253,0.36427021026600004,aws_lambda,0.103053808212
254,0.47189903259300003,aws_lambda,0.09801292419430001
255,0.339962720871,aws_lambda,0.10819816589400001
256,0.334764957428,aws_lambda,0.0983610153198
257,0.304491043091,aws_lambda,0.10311794281
258,0.331635951996,aws_lambda,0.10942292213400001
259,0.28532409668000003,aws_lambda,0.0962789058685
260,0.621710062027,aws_lambda,0.104275941849
261,0.464323043823,aws_lambda,0.09759998321529999
262,0.643554925919,aws_lambda,0.0997371673584
263,0.44141197204599997,aws_lambda,0.10432100296
264,0.354669809341,aws_lambda,0.10721111297599999
265,0.334887981415,aws_lambda,0.102776050568
266,0.322084188461,aws_lambda,0.101296901703
267,0.305431842804,aws_lambda,0.10283613205
268,0.34000897407499997,aws_lambda,0.101624965668
269,0.34912681579599997,aws_lambda,0.10607099533099999
270,0.281074047089,aws_lambda,0.100069999695
271,0.7191700935359999,aws_lambda,0.108957052231
272,0.38276386261,aws_lambda,0.108283996582
273,0.270718812943,aws_lambda,0.100741147995
274,0.25555229187,aws_lambda,0.102827787399
275,0.667428016663,aws_lambda,0.11166596412699999
276,0.38849401474,aws_lambda,0.10390996933
277,0.590306997299,aws_lambda,0.102423906326
278,0.353399991989,aws_lambda,0.101808071136
279,0.293272018433,aws_lambda,0.10326600074799999
280,0.300539970398,aws_lambda,0.09996199607850001
281,0.293658971786,aws_lambda,0.102631092072
282,0.34862685203599997,aws_lambda,0.106533050537
283,0.260141849518,aws_lambda,0.0989530086517
284,0.271666049957,aws_lambda,0.106726884842
285,0.6198627948759999,aws_lambda,0.09998202323909999
286,0.383138179779,aws_lambda,0.10763788223300001
287,0.315613985062,aws_lambda,0.10289502143899999
288,0.6810750961300001,aws_lambda,0.109267950058
289,0.393610715866,aws_lambda,0.09752511978150001
290,0.32469701767,aws_lambda,0.112514972687
291,0.65639090538,aws_lambda,0.10373711586
292,0.369479179382,aws_lambda,0.10445785522500001
293,0.299731969833,aws_lambda,0.11055207252499999
294,0.610354185104,aws_lambda,0.103178977966
295,0.364903926849,aws_lambda,0.09324598312380002
296,0.310142040253,aws_lambda,0.10754084587099999
297,0.632477998734,aws_lambda,0.10431599617000001
298,0.37476897239699997,aws_lambda,0.104152917862
299,0.34347176551799996,aws_lambda,0.103363037109
300,0.416172981262,aws_lambda,0.103104114532
301,0.497674942017,aws_lambda,0.101890087128
302,1.2176628112799999,aws_lambda,0.103908061981
303,0.564707040787,aws_lambda,0.108347892761
304,0.28000521659899996,aws_lambda,0.09604692459110001
305,0.573199987411,aws_lambda,0.09977793693539999
306,0.389103889465,aws_lambda,0.103264093399
307,0.369083166122,aws_lambda,0.10345292091399999
308,0.576424837112,aws_lambda,0.104259967804
309,0.36221075057999996,aws_lambda,0.109501123428
310,0.562262058258,aws_lambda,0.111134052277
311,0.512985229492,aws_lambda,0.0995318889618
312,0.36167883873,aws_lambda,0.11031603813200001
313,0.35161709785499995,aws_lambda,0.10431599617000001
314,0.366584062576,aws_lambda,0.10785102844200001
315,0.303921937943,aws_lambda,0.0956840515137
316,0.297758817673,aws_lambda,0.0996770858765
317,0.287347316742,aws_lambda,0.108493804932
318,0.279176950455,aws_lambda,0.0954599380493
319,0.274822950363,aws_lambda,0.104897022247
320,0.942271947861,aws_lambda,0.109474897385
321,0.40303087234499996,aws_lambda,0.11002111434900001
322,0.278755903244,aws_lambda,0.11238002777100001
323,0.257954120636,aws_lambda,0.110889911652
324,0.6740520000460001,aws_lambda,0.104372024536
325,0.568660974503,aws_lambda,0.10352396964999999
326,0.34091806411700004,aws_lambda,0.12880396843
327,0.354163885117,aws_lambda,0.10433197021500001
328,0.30246591568000003,aws_lambda,0.10873913765000001
329,0.309197902679,aws_lambda,0.10031414032
330,0.30920290946999995,aws_lambda,0.104587078094
331,0.30199098586999995,aws_lambda,0.110362052917
332,0.294965028763,aws_lambda,0.0980279445648
333,0.663706064224,aws_lambda,0.105412960052
334,0.36440896987899996,aws_lambda,0.104710102081
335,0.7032320499420001,aws_lambda,0.107753992081
336,0.49379014968900004,aws_lambda,0.113278865814
337,0.374229192734,aws_lambda,0.107867956161
338,0.352714061737,aws_lambda,0.106245994568
339,0.411644220352,aws_lambda,0.109870910645
340,0.30707812309300003,aws_lambda,0.10474395752
341,0.300931930542,aws_lambda,0.10732293129
342,0.274034023285,aws_lambda,0.10007596015900001
343,0.284739017487,aws_lambda,0.107475996017
344,0.570404052734,aws_lambda,0.104769945145
345,0.40276217460600006,aws_lambda,0.10909485817
346,0.342292070389,aws_lambda,0.112382888794
347,0.30732226371800003,aws_lambda,0.10710191726700001
348,0.287290096283,aws_lambda,0.104166030884
349,0.30166816711399996,aws_lambda,0.108833789825
350,0.358926057816,aws_lambda,0.10087585449200001
351,0.291290998459,aws_lambda,0.104521989822
352,0.280786991119,aws_lambda,0.0956771373749
353,0.297631025314,aws_lambda,0.101054906845
354,0.6147489547730001,aws_lambda,0.10157394409199999
355,0.491367101669,aws_lambda,0.10007500648499999
356,0.515635967255,aws_lambda,0.114974021912
357,0.419101953506,aws_lambda,0.100434064865
358,0.389779090881,aws_lambda,0.10832786560100001
359,0.39296603202799996,aws_lambda,0.103488922119
360,0.607471942902,aws_lambda,0.10344409942600001
361,0.454072952271,aws_lambda,0.101150989532
362,0.49483513832099996,aws_lambda,0.10453200340299999
363,0.33530497551,aws_lambda,0.10256505012499999
364,0.281063079834,aws_lambda,0.104964971542
365,0.669870138168,aws_lambda,0.0973169803619
366,0.404135942459,aws_lambda,0.100435018539
367,0.384314060211,aws_lambda,0.11127495765699999
368,0.341600894928,aws_lambda,0.109147071838
369,0.346918821335,aws_lambda,0.108333110809
370,0.304615974426,aws_lambda,0.09925103187560001
371,0.287400960922,aws_lambda,0.11212706565899999
372,0.351480960846,aws_lambda,0.10470509529100001
373,0.34548377990699997,aws_lambda,0.112457036972
374,0.36076092719999997,aws_lambda,0.107992172241
375,0.548956871033,aws_lambda,0.0996789932251
376,0.507611036301,aws_lambda,0.09916806221010001
377,0.286600351334,aws_lambda,0.100088834763
378,0.6898701190950001,aws_lambda,0.0999429225922
379,0.37485289573700004,aws_lambda,0.11079907417300001
380,0.345353126526,aws_lambda,0.104178905487
381,0.654186010361,aws_lambda,0.10853600502
382,0.38730597495999997,aws_lambda,0.106925964355
383,0.27649497985800003,aws_lambda,0.10401701927200001
384,0.6431140899660001,aws_lambda,0.0998909473419
385,0.381105899811,aws_lambda,0.10006117820699999
386,0.28938293456999997,aws_lambda,0.0993161201477
387,0.414443969727,aws_lambda,0.10561418533299999
388,0.39360904693599996,aws_lambda,0.10306382179300001
389,0.7006738185879999,aws_lambda,0.12092304229699999
390,0.37849688530000003,aws_lambda,0.0986771583557
391,0.286900997162,aws_lambda,0.09681820869449999
392,0.282819986343,aws_lambda,0.11200904846200001
393,0.720734119415,aws_lambda,0.10594487190199998
394,0.360611200333,aws_lambda,0.10973477363600001
395,0.270690917969,aws_lambda,0.10370516777000001
396,0.29678106308,aws_lambda,0.0992360115051
397,0.44392490386999994,aws_lambda,0.108540058136
398,0.451713085175,aws_lambda,0.103317975998
399,0.347424983978,aws_lambda,0.102058172226
400,0.34653806686399996,aws_lambda,0.10282087326
401,0.271325111389,aws_lambda,0.09601998329160001
402,0.5230860710140001,aws_lambda,0.103811979294
403,0.630688905716,aws_lambda,0.106239080429
404,0.37501502037,aws_lambda,0.101773023605
405,0.37637972831699995,aws_lambda,0.101523160934
406,0.327671766281,aws_lambda,0.108112096786
407,0.307741880417,aws_lambda,0.10345506668099999
408,0.300687789917,aws_lambda,0.110345125198
409,0.316133022308,aws_lambda,0.100093126297
410,0.313642024994,aws_lambda,0.09958696365360001
411,0.469965219498,aws_lambda,0.10490179061899998
412,0.42248392105099997,aws_lambda,0.10443091392500001
413,0.41796612739600003,aws_lambda,0.101616859436
414,0.361066102982,aws_lambda,0.104665994644
415,0.34472584724399996,aws_lambda,0.105026960373
416,0.317322969437,aws_lambda,0.09900808334349999
417,0.32187104225200003,aws_lambda,0.107877969742
418,0.31822514534,aws_lambda,0.108238935471
419,0.477365970612,aws_lambda,0.100157976151
420,0.390244007111,aws_lambda,0.107757091522
421,1.15122675896,aws_lambda,0.099757194519
422,0.833260774612,aws_lambda,0.0960171222687
423,0.25163698196400003,aws_lambda,0.0965149402618
424,0.506697177887,aws_lambda,0.10377287864700001
425,0.423532962799,aws_lambda,0.10437107086200001
426,0.37368106842,aws_lambda,0.09979200363160001
427,0.306170940399,aws_lambda,0.104521989822
428,0.300481796265,aws_lambda,0.09766507148739999
429,0.314880847931,aws_lambda,0.096508026123
430,0.312795162201,aws_lambda,0.110971927643
431,0.47137188911399996,aws_lambda,0.110599994659
432,0.264178991318,aws_lambda,0.117872953415
433,0.277141332626,aws_lambda,0.110242843628
434,0.56424498558,aws_lambda,0.110095024109
435,0.41357898712200003,aws_lambda,0.10987997055099999
436,0.419661998749,aws_lambda,0.10462594032299999
437,0.44079375267,aws_lambda,0.10859322547900001
438,0.39698910713200003,aws_lambda,0.108408927917
439,0.273880004883,aws_lambda,0.09927701950069999
440,0.536697864532,aws_lambda,0.10074400901799999
441,0.37076973915100003,aws_lambda,0.10379815101600001
442,0.277657032013,aws_lambda,0.0988838672638
443,0.273803949356,aws_lambda,0.100275039673
444,0.49444770813,aws_lambda,0.09986710548399999
445,0.364847183228,aws_lambda,0.109148979187
446,0.44590306282,aws_lambda,0.10903096199000001
447,0.463728904724,aws_lambda,0.108633041382
448,0.365822076797,aws_lambda,0.1044049263
449,0.32627081870999997,aws_lambda,0.109131097794
450,0.328725099564,aws_lambda,0.108670949936
451,0.33823394775399995,aws_lambda,0.11008810997000001
452,0.33634495735200004,aws_lambda,0.104303121567
453,0.36930608749399996,aws_lambda,0.110857009888
454,0.37486886978100004,aws_lambda,0.103465080261
455,0.256810903549,aws_lambda,0.103132009506
456,0.58647108078,aws_lambda,0.10839295387299999
457,0.35419082641599997,aws_lambda,0.120587110519
458,0.27661705017099997,aws_lambda,0.104687929153
459,0.323473930359,aws_lambda,0.10471701622000001
460,0.26464915275600004,aws_lambda,0.09931898117070001
461,0.259474039078,aws_lambda,0.122392892838
462,0.483125925064,aws_lambda,0.10421705245999999
463,0.426461935043,aws_lambda,0.101319074631
464,0.293684005737,aws_lambda,0.105933904648
465,0.456703901291,aws_lambda,0.10097694397
466,0.384807109833,aws_lambda,0.100621938705
467,0.268388986588,aws_lambda,0.100774049759
468,0.519425868988,aws_lambda,0.10377907752999999
469,0.39331722259499996,aws_lambda,0.10737490654000001
470,0.276862859726,aws_lambda,0.108563184738
471,0.43954420089699997,aws_lambda,0.110670804977
472,0.550019979477,aws_lambda,0.10686993598899999
473,0.36128306388899994,aws_lambda,0.10468006133999999
474,0.41210770607,aws_lambda,0.10842013359099999
475,0.448328018188,aws_lambda,0.11159992218
476,0.36138010025,aws_lambda,0.11340379715
477,0.33671188354500003,aws_lambda,0.099308013916
478,0.312765836716,aws_lambda,0.108262062073
479,0.506546020508,aws_lambda,0.109489917755
480,0.518522024155,aws_lambda,0.104280948639
481,0.39669704437299996,aws_lambda,0.103507995605
482,0.566998004913,aws_lambda,0.10952997207599999
483,0.371079683304,aws_lambda,0.0957221984863
484,0.275671005249,aws_lambda,0.0963389873505
485,0.436878919601,aws_lambda,0.10655689239499999
486,0.368234157562,aws_lambda,0.10015892982499999
487,0.296391010284,aws_lambda,0.10477495193499999
488,0.460785150528,aws_lambda,0.108114004135
489,0.37354373931900003,aws_lambda,0.10708212852499999
490,0.454191923141,aws_lambda,0.09951114654539998
491,0.38355803489699997,aws_lambda,0.10754108429000002
492,0.280608177185,aws_lambda,0.12770485877999999
493,0.43960595130900004,aws_lambda,0.104300022125
494,0.44868683815,aws_lambda,0.10339212417600001
495,0.30909109115600003,aws_lambda,0.105396986008
496,0.343824148178,aws_lambda,0.111206054688
497,0.294531106949,aws_lambda,0.101506948471
498,0.39329719543499997,aws_lambda,0.111956834793
499,0.35822629928599997,aws_lambda,0.109413862228
